-- MySQL dump 10.13  Distrib 5.7.24, for Linux (x86_64)
--
-- Host: localhost    Database: vichan
-- ------------------------------------------------------
-- Server version	5.7.24-0ubuntu0.18.04.1

/*!40101 SET @OLD_CHARACTER_SET_CLIENT=@@CHARACTER_SET_CLIENT */;
/*!40101 SET @OLD_CHARACTER_SET_RESULTS=@@CHARACTER_SET_RESULTS */;
/*!40101 SET @OLD_COLLATION_CONNECTION=@@COLLATION_CONNECTION */;
/*!40101 SET NAMES utf8 */;
/*!40103 SET @OLD_TIME_ZONE=@@TIME_ZONE */;
/*!40103 SET TIME_ZONE='+00:00' */;
/*!40014 SET @OLD_UNIQUE_CHECKS=@@UNIQUE_CHECKS, UNIQUE_CHECKS=0 */;
/*!40014 SET @OLD_FOREIGN_KEY_CHECKS=@@FOREIGN_KEY_CHECKS, FOREIGN_KEY_CHECKS=0 */;
/*!40101 SET @OLD_SQL_MODE=@@SQL_MODE, SQL_MODE='NO_AUTO_VALUE_ON_ZERO' */;
/*!40111 SET @OLD_SQL_NOTES=@@SQL_NOTES, SQL_NOTES=0 */;

--
-- Table structure for table `antispam`
--

DROP TABLE IF EXISTS `antispam`;
/*!40101 SET @saved_cs_client     = @@character_set_client */;
/*!40101 SET character_set_client = utf8 */;
CREATE TABLE `antispam` (
  `board` varchar(58) CHARACTER SET utf8 NOT NULL,
  `thread` int(11) DEFAULT NULL,
  `hash` char(40) COLLATE ascii_bin NOT NULL,
  `created` int(11) NOT NULL,
  `expires` int(11) DEFAULT NULL,
  `passed` smallint(6) NOT NULL,
  PRIMARY KEY (`hash`),
  KEY `board` (`board`,`thread`),
  KEY `expires` (`expires`)
) ENGINE=MyISAM DEFAULT CHARSET=ascii COLLATE=ascii_bin;
/*!40101 SET character_set_client = @saved_cs_client */;

--
-- Dumping data for table `antispam`
--

LOCK TABLES `antispam` WRITE;
/*!40000 ALTER TABLE `antispam` DISABLE KEYS */;
INSERT INTO `antispam` VALUES ('qa',19,'8ff1ca3bf750cfe21ed6146c66538aef6204a1b2',1543890138,1543901068,0),('qa',15,'34bad4d915fa4bd93796bbb85fd1fe591c408963',1543890138,1543901068,0),('qa',11,'ceccee11ae711660869f90d991c1ace42354be80',1543890138,1543901068,0),('qa',8,'11f271e1d14e4640b00254cf6d47279eff353921',1543890138,1543901068,0),('qa',7,'19d295cbf075c93ffa45e3de4565f422afa74c10',1543890138,1543901068,0),('b',1,'54b72b10ce502eb12b7a9522452ef2128c256d4f',1543890137,1543901068,0),('b',3,'9a914d0547ffdde4d07407a47d561d109a1ac711',1543890137,1543901068,0),('b',4,'83bb9c3045d7852a5645111e8a7f02ae8e19ab83',1543890137,1543901068,0),('b',11,'5b943127af2136f9143e77b970428288ab2a821c',1543890137,1543901068,0),('b',30,'821dd0ae6ee6347fbf16fae898fbd8625c71486b',1543890137,1543901068,0),('b',52,'44faf6dc9a9d7f7fb7ad2c325f39a16cf7e82dfb',1543890137,1543901068,0),('b',62,'1832cf4046c2f5de50901369380af2ed3c2c725f',1543890137,1543901068,0),('b',64,'586f8b1ca8d780c0097d7b28b6473e360c277a58',1543890137,1543901068,0),('b',68,'bb3239718588526fea4b5b0269eb7d37c7cf9bc0',1543890137,1543901068,0),('b',79,'885983b879b892749d845294e118c19a33afacca',1543890137,1543901068,0),('b',99,'c00ee007a47653225669370660fa20029c3ad283',1543890137,1543901068,0),('b',115,'53a9c9a37f5c93b7e378f561f94cc49bf8f9c5b7',1543890137,1543901068,0),('qa',NULL,'e4e3c77055f490cd1baecab2a186687d816459f3',1543890137,1543901068,0),('qa',1,'e73f401e8ce2a3552143809adaad835716ec84b1',1543890137,1543901068,0),('qa',2,'f7ff69cb525d798838119f3cc3631376b7e753f2',1543890138,1543901068,0),('qa',6,'d3abf12a6bd54e54432462987a52485a5e9a57a7',1543890138,1543901068,0),('b',NULL,'3dfc151120b24860ebb6f4f1cddbe5d66379cf0c',1543890137,1543901068,0),('b',62,'6ead3922ec888443f827f2492ffa0887ac06b95f',1543890003,1543900937,0),('b',64,'1ae0fe41c21d8863c1945974546953c81759bb35',1543890003,1543900937,0),('b',68,'fdba7fec83608030e83a9fae585220a92ebfeff7',1543890003,1543900937,0),('b',79,'ff7e66b3c3cee0d04648c9d17b888d098d961e10',1543890003,1543900937,0),('b',99,'e18908f1f722a25a0c2b2f676adc737b23a82cfa',1543890003,1543900937,0),('b',115,'eba43f53bfc8bd5407da0cd2f91e30fb5d2109c2',1543890003,1543900937,0),('qa',NULL,'18ae958c201af061b363b75fb67b9d67cc45e567',1543890003,1543900937,0),('qa',1,'743fe262340050b7db8490a12a12d6d7375b0a41',1543890003,1543900937,0),('qa',2,'25be0efba853f969d902d282cd1cc73b6dc667e7',1543890003,1543900938,0),('qa',6,'82b01bd53ce92d67157d65a2c3d3958de46b93e0',1543890003,1543900938,0),('qa',7,'f15eef32bd95403a54e5aad2b6dd12c84872b48f',1543890003,1543900938,0),('qa',8,'814d74b39842e728ee6b1ed94d7358b16d469374',1543890003,1543900938,0),('qa',11,'6bbb08e3ca5e17006640cc2722b6a46b1bd5f422',1543890003,1543900938,0),('qa',15,'384a2c2e8591896bddeade79f75e29138de26b90',1543890003,1543900938,0),('qa',19,'4f5c2e9f43c76805ad0661f33dbb38c96d7c30a4',1543890003,1543900938,0),('qa',21,'700289a68f453cf2c05e33c4f89f86de2a8fa952',1543890003,1543900938,0),('b',1,'95c6b875271cfca9ce0a81b3ac0063833e2340ca',1543900655,NULL,0),('b',-1,'600280b67e65874b259db11a7edee355dd0c0594',1543900655,1543911612,0),('b',-1,'265f8a3963c279c913fc986e6632843648f8a024',1543900812,NULL,0),('b',52,'163149f46b4b9355757b336f4eed331a99261915',1543900812,NULL,0),('b',NULL,'0e46c46dead4a66a6f570f4727e8f368beb0d636',1543890003,1543900937,0),('b',1,'28eafb0f46e879ed5f2138e05aff9909b896e9a6',1543890003,1543900937,0),('b',3,'25f584dfaffa8647ac27d45d0f060d8d26720103',1543890003,1543900937,0),('b',4,'e0a35f9b983425da0e3920752adaafa45aeab1bf',1543890003,1543900937,0),('b',11,'9e70a8100a307eab6be692fb82427168cfa4eb8e',1543890003,1543900937,0),('b',30,'cbe4fba697a85aa1b0ad5b1a565738491f92552b',1543890003,1543900937,0),('b',52,'2235ed2d93121a10b1c535809ebd39839c01ee51',1543890003,1543900937,0),('b',-1,'708995db09c33ee162b35a56a3263d9ff1e0c4ee',1543898926,1543909762,0),('b',-1,'af7787b4337163dcf4cd1a1b7587e4cd9f1b6df0',1543898884,1543909726,0),('b',-1,'554e31b5ba02fe5eb549a5ab7fff2642b19d170f',1543898849,1543909684,0),('b',-1,'35afaac91d6aade2b6c5e48a46e94d8a3110f467',1543899324,1543910903,0),('b',-2,'4bb672770d42a8bb71d4704a9df09eca076a8517',1543888884,NULL,0),('b',-1,'7238ed2bc3f4f683d1a03145ac5a557e5d490570',1543888940,1543901337,0),('qa',-1,'2c06537f19143f372b16cd72a76f303890623d03',1543899862,NULL,0),('qa',24,'d09ccca349f27157b55af4fea44bbb606ff60811',1543899862,NULL,0),('b',-1,'a793207d8573a5487554152f8b6d6934afc06b12',1543900103,1543911433,0),('b',52,'c0c1851012a4d5c0b5bb584bef27357fa36f2a81',1543900103,1543911433,1),('b',52,'30f8927893350e3fef8163062dce1d5c49814861',1543899130,1543910124,1),('b',-1,'4720bd0cd909c81c29613549dc444b3bc789284e',1543899130,1543910124,0),('b',52,'3393b425b66fb0487e62b44c078ed982adaba292',1543899324,1543910903,1),('b',52,'cb721055e6f1aa719e4b8ceca06f775b312982a9',1543900633,1543911612,0),('b',-1,'7c393edc63f8797439a869f56f70d1c409c636af',1543900633,1543911455,0),('qa',-1,'1604d52e4bb4c3a7e2548209a466283bf0d80a52',1543870007,1543901033,1),('b',-1,'ea15fc1b66c088927b2d426ef06fda6bf75be55d',1543898962,1543909930,0),('b',52,'ba58ef2f71b27ba0d7a5ae3ae93767f9d9da80c0',1543898962,1543909930,0),('b',52,'c822835a84873c0f69d8a7e0a0b6f99637c892a0',1543898926,1543909762,0),('b',52,'31a79f2f403871abcd949469b1b721ad0b010784',1543898884,1543909726,1),('b',52,'94756d85c00d576efeeb348cf2d8ee95f54083a0',1543898849,1543909684,1),('b',-1,'7a7f3f75b96574fca477081bee8cb88eb48e6fb3',1543898787,1543909649,0),('b',52,'efa02d29f652140d7c28d6427799414223bf6b5c',1543898787,1543909649,1),('qa',21,'26e226a32bf5357833ae9ecd5510e5387a220c68',1543890138,1543901068,0),('qa',-1,'539d0c7f5142dd36d879b3f9ff235bcd476619b5',1543890233,1543901107,0),('b',NULL,'55f4c4449a1d701dbad1083822461a1d69f4d6f4',1543890268,1543903455,0),('b',1,'708e052f72a47f8968779714499971eca37b5f81',1543890268,1543901338,1),('b',3,'b799fd5fa22777d5bcd63b5fd9f3e2d78bdc9e8b',1543890268,1543903455,0),('b',4,'7a8ad295bd2757a10cd3604d322942e432b23238',1543890268,1543901337,0),('b',11,'bc0424f0c44fd4cdf56f214a83526eb35589db78',1543890268,1543903455,0),('b',30,'97836dee9c614ae62123ad955b4ef61fe8c40198',1543890268,1543903455,0),('b',52,'2365f85e3a9bc0435236fd0d143e5492d60fbf69',1543890268,1543902971,1),('b',62,'8fd7585cc4829593b0a37263fefc4f62a4dbf65c',1543890268,1543903455,0),('b',64,'6386f85808daedbb77e676a131864bf60d787b21',1543890268,1543903455,0),('b',68,'68e1db1f3d573dd80d34951782264ee9f7ebc902',1543890268,1543903455,0),('b',79,'9778af82e5e800e4307e189bd4d5bc28e5c763ab',1543890268,1543903455,0),('b',99,'f20f108c79c7ce477f137245679dc8c3a7f3290f',1543890268,1543901836,1),('b',115,'e5216669c265e3195c6c2015e21d4c06d593a72a',1543890268,1543903455,0),('qa',NULL,'0a8d7646bdd17b4e6fa10a2ee186e6ecf65b316c',1543890268,1543903455,0),('qa',1,'d5b8d02bc04f4e9d19d6724aa0dbe565dc7f16bd',1543890268,1543903455,0),('qa',2,'33c744efdfe610f5683bb91eee60466c53baa244',1543890268,1543903455,0),('qa',6,'5f9655c03065ace50a678277b74d38b70cd9e5c4',1543890268,1543903455,0),('qa',7,'5e87cb3d974ecd365fadddd130b3667ecfe5709c',1543890268,1543903455,0),('qa',8,'8c2bc4ab5810d775edb53c73dab8f064045b920b',1543890268,1543903455,0),('qa',11,'f5b877e3d327a8b79798bfd862e6061e6690289c',1543890268,1543903455,0),('qa',15,'d8c8e592caa21ee777b8e22b10a2769ece9de360',1543890268,1543903455,0),('qa',19,'c0bd32704732e1d9eb98e2c1e1266286b70d0684',1543890268,1543903455,0),('qa',21,'74dad136291a4cc2c5ae13c3c4d8c509ceba8368',1543890268,1543903455,0),('qa',-1,'79492f52d1fe1fe6212034bd9e4df9529fe435ac',1543890307,1543901154,1),('qa',24,'40b261b13ef6ff05e10aa92fa859321b6c663b19',1543890354,1543903455,0),('qa',-1,'bd9783665df4777c9e9251dbb19293140dddb5ac',1543890354,1543910662,0),('b',4,'c2083dd88f4a6277929d0564f70035e63cde6331',1543890537,1543901579,0),('b',-1,'2324dbb7ec8bf1aa6ac60f69d8df38edae3d9816',1543890537,1543901338,0),('b',1,'9f2467d6e0a345fd4a9b6dfe4deef59386d0b9d4',1543890538,1543901643,0),('b',-1,'40b8ca82c8a04b9a17c6915de889f3c7987d7f05',1543890538,1543901579,0),('b',4,'df36fb53e5be883863ac70b0090b8ec9612eb673',1543890779,1543902148,1),('b',-1,'966f961f9be5e6fcb74ef75c0c20b8ebe26f24d8',1543890779,1543901643,0),('b',1,'e4e071b1acab398dbb1cfb986df8e87cc7fe6f6b',1543890843,1543903455,0),('b',-1,'70a83610246b8de2513d7d23a469ddc842025c42',1543890843,1543901836,0),('b',99,'e68912969cb972da000faaacac75ac147d9a3ca7',1543891036,1543903455,0),('b',-1,'86a0f9fc0458e43b7facfea716a6aa263d53c212',1543891036,1543902148,0),('b',4,'4ef94d3c16eb43d30ba51701b53ba3eee8bb8e81',1543891348,1543903455,0),('b',-1,'83b2a7c93efc2c39612c67e7b01d948b4805c6d5',1543891348,1543902971,0),('b',52,'23b265e7c90526213b898908f4845cba38b0b787',1543892171,1543903455,0),('b',-1,'6abd2efc9207ac4bf48f8eaef3610ae25d867012',1543892171,1543903727,0),('b',NULL,'258069e63268b2c40c91d9e3d2b03e1073cb86b7',1543892655,1543903518,0),('b',1,'3a095ee3d87079d22241d67287e3c9a6cd919024',1543892655,1543903518,0),('b',3,'f007aa111c45e2aaf2142c552113ba484c49ab86',1543892655,1543903518,0),('b',4,'e36a0b547bdad0eba992aa39dcaef96e13992f63',1543892655,1543903518,0),('b',11,'7223354b55ebbb17219e804abcdef4557c1415c0',1543892655,1543903518,0),('b',30,'9535e067feb7b393442f0f52e59c24fcfb41661e',1543892655,1543903518,0),('b',52,'e9445ae8fb6887573aa21f551b84536e208a3bce',1543892655,1543903518,0),('b',62,'93ddb63f455000f494a71bd0ba6a3e623521eae5',1543892655,1543903518,0),('b',64,'721ab62978b343504bc5dca14e0799fb103be7fc',1543892655,1543903518,0),('b',68,'66157f8b4d1d75865323d911cff7fb9ae58fcce3',1543892655,1543903518,0),('b',79,'a6d7981247a4186b24f94fecd351812223831234',1543892655,1543903518,0),('b',99,'638957792408d8e0ca1113a2491982a218b996de',1543892655,1543903518,0),('b',115,'cda85c605a82e52c47fbb11b51bf1c361095f7e0',1543892655,1543903518,0),('qa',NULL,'caf29577a13a8959dd04645048c2f5c8e5cfd58c',1543892655,1543903518,0),('qa',1,'f3b42abecf1d2d3c1083d1ac8264d89e7a88910b',1543892655,1543903518,0),('qa',2,'4ee16764bc6b1a3aa29d4c5a92596cdada7d4ce9',1543892655,1543903518,0),('qa',6,'8c7a90b27125896c7e325d7fa4a945c748f38fb7',1543892655,1543903518,0),('qa',7,'e29727126a89c3b66f94b8dde3d4ff4965c6aa44',1543892655,1543903518,0),('qa',8,'5a305c36fed5838ae6906efa6e98b81e502f1705',1543892655,1543903518,0),('qa',11,'5e336ec019e9b742cd50584e20eaf67568956cb0',1543892655,1543903518,0),('qa',15,'68782aae037e3bd386c9bfd30a1bdfe4a6c8472c',1543892655,1543903518,0),('qa',19,'f4d0f75edfbdcfd459fc62508674aa8281d58dac',1543892655,1543903518,0),('qa',21,'7d1ebfb8ff660f87bb0078c42df1a93c81ab4682',1543892655,1543903518,0),('qa',24,'abf705dafd5c9c62f783e4cd652aa9b073403800',1543892655,1543903518,0),('b',NULL,'6e0629079d91d690b183fd452220ed79ec99b685',1543892718,1543903545,0),('b',1,'bc6395581f43be8ac43e1585901682ebcf9589d2',1543892718,1543903545,0),('b',3,'c8279703868285760cb6ddcd76ff1da40fb27138',1543892718,1543903545,0),('b',4,'8b8401e77995783773062ad81d41546b715b3da2',1543892718,1543903545,0),('b',11,'2c46c8e2bb6676cf06077d1181feef74ba118051',1543892718,1543903545,0),('b',30,'3eb687f874e370ac2de5c5eeb0a25f825ad934f6',1543892718,1543903545,0),('b',52,'034e1520143c6d076624ef92c72fea8a29d25d81',1543892718,1543903545,0),('b',62,'ad70aa36bee200a60682de5019768db37e8d51ce',1543892718,1543903545,0),('b',64,'88e4a72272b5774128cefce6b5ab6fb1a5304db1',1543892718,1543903545,0),('b',68,'435753414d0a225202a5fc73e7c476783b83f36e',1543892718,1543903545,0),('b',79,'b481b51c71448da0e0d6dba504ea36e999e18ded',1543892718,1543903545,0),('b',99,'b7677af1908b59d909b779aafb570ebce54bb6f8',1543892718,1543903545,0),('b',115,'6ed69ae1fe23d678a3ecfa56bf973e168a587646',1543892718,1543903545,0),('qa',NULL,'b6148150b9c44425c9a90f3c38d637c681656137',1543892718,1543903545,0),('qa',1,'dfc7084abd8416ef2c9839934797603c5c185c66',1543892718,1543903545,0),('qa',2,'f02b5369d09f090a21680d378af5b890c95a1692',1543892718,1543903545,0),('qa',6,'7d6e1b3c8050122d0671ddeccbdfa28927250492',1543892718,1543903545,0),('qa',7,'c7972f4b57608e94f31c3bb2139339aff6338e3b',1543892718,1543903545,0),('qa',8,'82625f2d60c8cf801ff589affbc7fa2be69d4b9f',1543892718,1543903545,0),('qa',11,'302d150568cf82740ef10c9eee34f2c377f0f606',1543892718,1543903545,0),('qa',15,'76d34c3e0655c23a8b0fa6394714a7951b4ad150',1543892718,1543903545,0),('qa',19,'75dcf02de56bbf3a653eeea9d905144c74c68d77',1543892718,1543903545,0),('qa',21,'f1ae2446ee664f054ef7539d49eae36f8cbece6f',1543892718,1543903545,0),('qa',24,'e2b5d02f191fee3ca15d75d577fa99a66b59079d',1543892718,1543903545,0),('b',NULL,'1e09b90daef8129efcc1a5eed59da361f3712370',1543892745,NULL,0),('b',1,'84fefef9cf3c7a5119830859c2f2a5cab5909307',1543892745,1543911455,1),('b',3,'19da5623a7382faa0f6f02af063b1c2e646d3c33',1543892745,NULL,0),('b',4,'0953d8b82b50b21eaeee7ad5cc025a7e701cd70d',1543892745,1543903727,1),('b',11,'66ade28effa36c8723f9af16bfc049a898784e95',1543892745,NULL,0),('b',30,'6cf7f1d3959f64916f3393365abdf323d079360b',1543892745,NULL,0),('b',52,'e14f99232a4e696c37ed54540e9eb4acbb01ee8d',1543892745,1543903926,0),('b',62,'6b0a686d8c570b17f55d012587b29c1d197bc6fa',1543892745,NULL,0),('b',64,'abf68925c86ea2b5ee6acf76ce6fbeb75670fec2',1543892745,NULL,0),('b',68,'3bc79538dd15715cd82929e90f6208a35d070bb8',1543892745,NULL,0),('b',79,'bcc063e789f488a39c6bbc6f75d846ab37d337bd',1543892745,NULL,0),('b',99,'e1929126a3a923384bf65cdc85ffc722dc0bb349',1543892745,NULL,0),('b',115,'bd04c7ae32ee64297b4f943641b410a0171eb0e0',1543892745,NULL,0),('qa',NULL,'465d7a87035a3534eec1d687528c4046fd63aedb',1543892745,NULL,0),('qa',1,'05f18e24a4640bc849c4e2fb92369b3e67798380',1543892745,NULL,0),('qa',2,'4fa4b904dab1716ca83d33beacfeadb73fc26171',1543892745,NULL,0),('qa',6,'da096d073c80737f7ff7a2b446f50ee25e5265a1',1543892745,NULL,0),('qa',7,'bc18f151303e5a04d97280979dddf7bf1c540d63',1543892745,NULL,0),('qa',8,'6d33d453275019a37611e7b990c0d7f5d12fd2f9',1543892745,NULL,0),('qa',11,'f4e355e88599c22c2c70310dd4c84ffdb77b505b',1543892745,NULL,0),('qa',15,'70ee948aec98ce7b15d5f7548cbd4f4e576f0f71',1543892745,NULL,0),('qa',19,'3028f593951f773e2880188d223035ab8e1a203c',1543892745,NULL,0),('qa',21,'55f3dbc0bc2254837724b043e2fb18be96857452',1543892745,NULL,0),('qa',24,'435ee89e285c2f4fb25939db800a19985ecb9224',1543892745,1543910662,1),('b',4,'2cc63d1dadc68be37c5c1723a7fab2e699cfa661',1543892927,NULL,0),('b',-1,'fcfe089c850e48ed4fe91983c4d63cca156f7a7d',1543892927,1543903926,0),('b',52,'fa74df79bf879e2b0724f786b8315f1978b09d03',1543893126,1543904235,0),('b',-1,'76af474eb34196fa2f5d98aea2b79e1b25ecd01a',1543893126,1543904235,0),('b',52,'3ba5253b10bde2c25a124fc01e48274743be6b8f',1543893435,1543904317,0),('b',-1,'01eaa1b798205cb5caca01e55bd11b4af6e1391e',1543893435,1543904317,0),('b',52,'0de4e2881e88fb2197646ef24e0d05441bc6f2d3',1543893517,1543904340,0),('b',-1,'7966fad6e3c0704a17e5f1db37b95203def69b4d',1543893517,1543904340,0),('b',52,'e8f7e0d7e386870bd6373af272850fe0a9ba818e',1543893540,1543904410,0),('b',-1,'195a131f5d25b8218b7aa44cb9d631a7add1487f',1543893540,1543904410,0),('b',52,'65a0d72f4ef9a9302ff926eb031ab87f28f5fe5e',1543893610,1543904480,0),('b',-1,'0a7879dd52a4470fd1b3d4e0dd5fa1b2c5168317',1543893610,1543904480,0),('b',52,'e3de1232aec7cc0e9fb304fc64c178ad11422b88',1543893680,1543904518,0),('b',-1,'b5ea836bc4948fa3ac33e7cf49a192de1ebac7f5',1543893680,1543904518,0),('b',52,'213498d7cb396a804cd4e32eb2f8e7c8ad69c382',1543893718,1543904658,1),('b',-1,'6f3e2254e87abd4f7e82b830648036344fa29314',1543893718,1543904658,0),('b',52,'e918fccbdb11e97d25b1449cbf4a06358ab4357b',1543893858,1543904719,0),('b',-1,'b3b9ca260374e8ca098d112e3c41878a96c30412',1543893858,1543904719,0),('b',52,'ea681035b59dd13121ad559f5a786fe39c00c40d',1543893919,1543904733,0),('b',-1,'c2e99ebd01ca289efb2b3c97ecf046ef95e8402c',1543893919,1543904733,0),('b',52,'66cc70bb4b9de4f6c8d02473867d98696fa2bfdb',1543893933,1543904762,0),('b',-1,'f2698e743e16dd3000db22c9f3a18bb50137b583',1543893933,1543904762,0),('b',52,'c8da320c1750eb69df21eaf42e786d9daecc2387',1543893962,1543904880,1),('b',-1,'4322e30be189a2821ff01a1b4157c41073d2218a',1543893962,1543904880,0),('b',52,'94b7ca4cec98ef742ee2362113830ae30eea6d67',1543894080,1543905401,1),('b',-1,'7b766adb468db44f600e245e6f165cb182c580d7',1543894080,1543905401,0),('b',52,'8138bcdc9c82e3ef2639e6d42f0477bb5838d83b',1543894601,1543905604,1),('b',-1,'491c738bcaae88e7d28ad244ff1078ebe676c7d5',1543894601,1543905604,0),('b',52,'d4d2de6af736a0868c3fc12b7910ccbc12fe8a0a',1543894804,1543906055,0),('b',-1,'cdf4d7c5bf37ed7568bc9d073be7e411ab81a24e',1543894804,1543906055,0),('b',52,'cc6c0f4de0e646f0eec0a9c943ef9712bba28c15',1543895255,1543906743,1),('b',-1,'a065eb5bfb342a560ca246c4ce6caaf63a98c2b8',1543895255,1543906743,0),('b',52,'08183732e21b055e7c5d75117692189adf252e37',1543895943,1543906787,1),('b',-1,'80e184f5cc41fe409d8e36a0c6cb6ebf85395d6c',1543895943,1543906788,0),('b',52,'0aae801f31bdf7fa440fd2c32dc4342182c0b18d',1543895987,1543907148,1),('b',-1,'229811db00eb9d0d580f110eb555bc5ed3247153',1543895988,1543907148,0),('b',52,'353482e17ad7c215bf0f9553aa1e8315cc2bad2e',1543896348,1543907293,2),('b',-1,'7df284928a6c78d1959d97b48914f0568cc5ddb3',1543896348,1543907293,0),('b',52,'9eb66fdc6466b378e2417663c56faa158c6d4756',1543896493,1543907510,1),('b',-1,'c74a0a13603269c2b41b4c0c4886b01a5fb755ba',1543896493,1543907510,0),('b',52,'d6c609984b5076fbe7e17c6d7e4620e864db1065',1543896710,1543907819,0),('b',-1,'31a9283facd97322c29a3a53bc65b45665bab072',1543896710,1543907820,0),('b',52,'edb67aadb92379108844a4dc8af9b864e897ba9f',1543897019,1543907897,1),('b',-1,'bd17a603532177418b0a5facb818193f22841c72',1543897020,1543907897,0),('b',52,'87e92bbc63c0031b83d893583ff675e773a8d10b',1543897097,1543907986,2),('b',-1,'189cbf994a30b3b90dc0926acada85a690fccd26',1543897097,1543907986,0),('b',52,'e1dfe400d69841831834689f6fdd098a189c59a2',1543897186,1543908147,1),('b',-1,'01041e32f0c345997d3a39623a0544d4ef206f2e',1543897186,1543908147,0),('b',52,'f8202833ccadd7977a20596633e0aa9f448b90e8',1543897347,1543908182,1),('b',-1,'5ab1543461dd9c0d3323edfa3c9ea0346f360416',1543897347,1543908182,0),('b',52,'ec7ca3749bab9002d7d83bdf1896fa8d9cd95897',1543897382,1543908273,0),('b',-1,'d0994ca984a81bedc3229bb1278673c25116af12',1543897382,1543908273,0),('b',52,'f936083b6715a5a184ce089dec67d0c904425413',1543897473,1543908470,1),('b',-1,'eb793ea8b41fb952282b89f9c882a937257dea92',1543897473,1543908470,0),('b',52,'503c0ddd31cd6bcdec0847272b6d343bb7c33648',1543897670,1543908723,2),('b',-1,'8ea548214695902ee114054587dc51d000fd432f',1543897670,1543908723,0),('b',52,'36f595dc8fe611f192ddef613a6cf1a4e9aef769',1543897923,1543908735,0),('b',-1,'e7c573d29faff64d3200500b387a607937748b06',1543897923,1543908735,0),('b',52,'e5e0af9e82b24587e839fb822a6695430ddc65d9',1543897935,1543908849,2),('b',-1,'9fc0f4d7cb36cb5a8f9d73e44140b692f8801e3b',1543897935,1543908849,0),('b',52,'28f9d5a503c892666caefdb76f19d685a18f06b7',1543898049,1543908879,0),('b',-1,'d48bef829911eb4d8e8d6fc471f11bb97e5025dc',1543898049,1543908879,0),('b',52,'6ca3da6bfdb09971e5aab9ecbbfe996b421b0ada',1543898079,1543909064,1),('b',-1,'2b1f8e321526b2b5cfaf1f36b9fb8c4df70e7f6e',1543898079,1543909064,0),('b',52,'9e5b943af32b7d677a12034bd4a4fbe1a4b8b6eb',1543898264,1543909418,1),('b',-1,'db5a5e27c5a090d575eef2e274430478b09f0645',1543898264,1543909418,0),('b',52,'54c270b43e4dd294eae86db2c3492540c7ae5942',1543898618,1543909456,0),('b',-1,'ae7423f7bdd56c3931747c9a97a595ac43cb95a2',1543898618,1543909456,0),('b',52,'329a7b744c70491c0ff5e7e1001746e9af8c22df',1543898656,1543909587,1),('b',-1,'6780034f931e75fae2fe1586e01b1159e47cb35f',1543898656,1543909587,0);
/*!40000 ALTER TABLE `antispam` ENABLE KEYS */;
UNLOCK TABLES;

--
-- Table structure for table `ban_appeals`
--

DROP TABLE IF EXISTS `ban_appeals`;
/*!40101 SET @saved_cs_client     = @@character_set_client */;
/*!40101 SET character_set_client = utf8 */;
CREATE TABLE `ban_appeals` (
  `id` int(10) unsigned NOT NULL AUTO_INCREMENT,
  `ban_id` int(10) unsigned NOT NULL,
  `time` int(10) unsigned NOT NULL,
  `message` text NOT NULL,
  `denied` tinyint(1) NOT NULL,
  PRIMARY KEY (`id`),
  KEY `ban_id` (`ban_id`)
) ENGINE=MyISAM DEFAULT CHARSET=utf8;
/*!40101 SET character_set_client = @saved_cs_client */;

--
-- Dumping data for table `ban_appeals`
--

LOCK TABLES `ban_appeals` WRITE;
/*!40000 ALTER TABLE `ban_appeals` DISABLE KEYS */;
/*!40000 ALTER TABLE `ban_appeals` ENABLE KEYS */;
UNLOCK TABLES;

--
-- Table structure for table `bans`
--

DROP TABLE IF EXISTS `bans`;
/*!40101 SET @saved_cs_client     = @@character_set_client */;
/*!40101 SET character_set_client = utf8 */;
CREATE TABLE `bans` (
  `id` int(10) unsigned NOT NULL AUTO_INCREMENT,
  `ipstart` varbinary(16) NOT NULL,
  `ipend` varbinary(16) DEFAULT NULL,
  `created` int(10) unsigned NOT NULL,
  `expires` int(10) unsigned DEFAULT NULL,
  `board` varchar(58) DEFAULT NULL,
  `creator` int(10) NOT NULL,
  `reason` text,
  `seen` tinyint(1) NOT NULL,
  `post` blob,
  PRIMARY KEY (`id`),
  KEY `expires` (`expires`),
  KEY `ipstart` (`ipstart`,`ipend`)
) ENGINE=MyISAM AUTO_INCREMENT=2 DEFAULT CHARSET=utf8;
/*!40101 SET character_set_client = @saved_cs_client */;

--
-- Dumping data for table `bans`
--

LOCK TABLES `bans` WRITE;
/*!40000 ALTER TABLE `bans` DISABLE KEYS */;
/*!40000 ALTER TABLE `bans` ENABLE KEYS */;
UNLOCK TABLES;

--
-- Table structure for table `boards`
--

DROP TABLE IF EXISTS `boards`;
/*!40101 SET @saved_cs_client     = @@character_set_client */;
/*!40101 SET character_set_client = utf8 */;
CREATE TABLE `boards` (
  `uri` varchar(58) NOT NULL,
  `title` tinytext NOT NULL,
  `subtitle` tinytext,
  PRIMARY KEY (`uri`)
) ENGINE=MyISAM DEFAULT CHARSET=utf8;
/*!40101 SET character_set_client = @saved_cs_client */;

--
-- Dumping data for table `boards`
--

LOCK TABLES `boards` WRITE;
/*!40000 ALTER TABLE `boards` DISABLE KEYS */;
INSERT INTO `boards` VALUES ('b','Boson','boson breasts and tests'),('qa','/qa/','/qa/\'s imageboard for question and answer threads');
/*!40000 ALTER TABLE `boards` ENABLE KEYS */;
UNLOCK TABLES;

--
-- Table structure for table `captchas`
--

DROP TABLE IF EXISTS `captchas`;
/*!40101 SET @saved_cs_client     = @@character_set_client */;
/*!40101 SET character_set_client = utf8 */;
CREATE TABLE `captchas` (
  `cookie` varchar(50) NOT NULL,
  `extra` varchar(200) NOT NULL,
  `text` varchar(255) DEFAULT NULL,
  `created_at` int(11) DEFAULT NULL,
  PRIMARY KEY (`cookie`,`extra`)
) ENGINE=MyISAM DEFAULT CHARSET=utf8;
/*!40101 SET character_set_client = @saved_cs_client */;

--
-- Dumping data for table `captchas`
--

LOCK TABLES `captchas` WRITE;
/*!40000 ALTER TABLE `captchas` DISABLE KEYS */;
/*!40000 ALTER TABLE `captchas` ENABLE KEYS */;
UNLOCK TABLES;

--
-- Table structure for table `cites`
--

DROP TABLE IF EXISTS `cites`;
/*!40101 SET @saved_cs_client     = @@character_set_client */;
/*!40101 SET character_set_client = utf8 */;
CREATE TABLE `cites` (
  `board` varchar(58) NOT NULL,
  `post` int(11) NOT NULL,
  `target_board` varchar(58) NOT NULL,
  `target` int(11) NOT NULL,
  KEY `target` (`target_board`,`target`),
  KEY `post` (`board`,`post`)
) ENGINE=MyISAM DEFAULT CHARSET=utf8;
/*!40101 SET character_set_client = @saved_cs_client */;

--
-- Dumping data for table `cites`
--

LOCK TABLES `cites` WRITE;
/*!40000 ALTER TABLE `cites` DISABLE KEYS */;
INSERT INTO `cites` VALUES ('b',6,'b',4),('b',7,'b',6),('b',10,'b',9),('b',21,'b',16),('qa',17,'qa',16),('b',46,'b',45),('b',58,'b',57),('b',59,'b',57),('b',63,'b',61),('b',65,'b',62),('qa',14,'qa',13),('qa',18,'qa',13),('b',74,'b',1),('b',74,'b',68),('b',93,'b',88),('b',88,'b',82),('b',88,'b',81),('b',94,'b',93),('b',96,'b',95),('b',97,'b',91),('b',100,'b',96),('b',103,'b',101),('b',107,'b',90),('b',109,'b',100),('b',110,'b',109),('b',112,'b',107),('b',116,'b',114),('b',118,'b',111),('b',121,'b',118),('b',123,'b',121),('b',125,'b',120),('b',128,'b',114),('b',128,'b',126),('b',130,'b',129),('b',131,'b',130),('b',132,'b',131),('b',134,'b',133),('b',134,'b',131),('b',134,'b',132),('b',136,'b',135),('b',137,'b',136),('b',138,'b',136),('b',139,'b',136),('b',140,'b',139),('b',142,'b',139),('b',142,'b',140),('b',143,'b',141),('b',144,'b',141),('b',145,'b',143),('b',146,'b',143),('b',148,'b',146),('b',150,'b',149),('b',151,'b',148),('b',152,'b',150),('b',153,'b',152),('b',154,'b',153),('b',155,'b',154),('b',156,'b',153),('b',156,'b',154),('b',158,'b',157),('b',159,'b',158),('b',160,'b',159),('b',161,'b',160),('b',163,'b',161);
/*!40000 ALTER TABLE `cites` ENABLE KEYS */;
UNLOCK TABLES;

--
-- Table structure for table `flood`
--

DROP TABLE IF EXISTS `flood`;
/*!40101 SET @saved_cs_client     = @@character_set_client */;
/*!40101 SET character_set_client = utf8 */;
CREATE TABLE `flood` (
  `id` int(11) unsigned NOT NULL AUTO_INCREMENT,
  `ip` varchar(39) COLLATE ascii_bin NOT NULL,
  `board` varchar(58) CHARACTER SET utf8 NOT NULL,
  `time` int(11) NOT NULL,
  `posthash` char(32) COLLATE ascii_bin NOT NULL,
  `filehash` char(32) COLLATE ascii_bin DEFAULT NULL,
  `isreply` tinyint(1) NOT NULL,
  PRIMARY KEY (`id`),
  KEY `ip` (`ip`),
  KEY `posthash` (`posthash`),
  KEY `filehash` (`filehash`),
  KEY `time` (`time`)
) ENGINE=MyISAM AUTO_INCREMENT=189 DEFAULT CHARSET=ascii COLLATE=ascii_bin;
/*!40101 SET character_set_client = @saved_cs_client */;

--
-- Dumping data for table `flood`
--

LOCK TABLES `flood` WRITE;
/*!40000 ALTER TABLE `flood` DISABLE KEYS */;
INSERT INTO `flood` VALUES (186,'72.82.233.171','b',1543900633,'072fd7a1000315734a128c96ac932aa8',NULL,1),(187,'72.82.233.171','b',1543900655,'35ef3f57ba9ab662f60a6e062a5b64ba',NULL,1),(188,'24.157.164.104','b',1543900812,'e501859711dd2a2cb518fd4c1669dcd0',NULL,1);
/*!40000 ALTER TABLE `flood` ENABLE KEYS */;
UNLOCK TABLES;

--
-- Table structure for table `ip_notes`
--

DROP TABLE IF EXISTS `ip_notes`;
/*!40101 SET @saved_cs_client     = @@character_set_client */;
/*!40101 SET character_set_client = utf8 */;
CREATE TABLE `ip_notes` (
  `id` int(11) unsigned NOT NULL AUTO_INCREMENT,
  `ip` varchar(39) CHARACTER SET ascii NOT NULL,
  `mod` int(11) DEFAULT NULL,
  `time` int(11) NOT NULL,
  `body` text NOT NULL,
  UNIQUE KEY `id` (`id`),
  KEY `ip_lookup` (`ip`,`time`)
) ENGINE=MyISAM DEFAULT CHARSET=utf8;
/*!40101 SET character_set_client = @saved_cs_client */;

--
-- Dumping data for table `ip_notes`
--

LOCK TABLES `ip_notes` WRITE;
/*!40000 ALTER TABLE `ip_notes` DISABLE KEYS */;
/*!40000 ALTER TABLE `ip_notes` ENABLE KEYS */;
UNLOCK TABLES;

--
-- Table structure for table `modlogs`
--

DROP TABLE IF EXISTS `modlogs`;
/*!40101 SET @saved_cs_client     = @@character_set_client */;
/*!40101 SET character_set_client = utf8 */;
CREATE TABLE `modlogs` (
  `mod` int(11) NOT NULL,
  `ip` varchar(39) CHARACTER SET ascii NOT NULL,
  `board` varchar(58) DEFAULT NULL,
  `time` int(11) NOT NULL,
  `text` text NOT NULL,
  KEY `time` (`time`),
  KEY `mod` (`mod`)
) ENGINE=MyISAM DEFAULT CHARSET=utf8;
/*!40101 SET character_set_client = @saved_cs_client */;

--
-- Dumping data for table `modlogs`
--

LOCK TABLES `modlogs` WRITE;
/*!40000 ALTER TABLE `modlogs` DISABLE KEYS */;
INSERT INTO `modlogs` VALUES (1,'24.157.164.104',NULL,1543661840,'Logged in'),(1,'24.157.164.104',NULL,1543661864,'Created a new user: verniy <small>(#2)</small>'),(2,'24.157.164.104',NULL,1543661882,'Logged in'),(2,'24.157.164.104',NULL,1543661898,'Deleted user admin <small>(#1)</small>'),(2,'24.157.164.104',NULL,1543662085,'Created a new board: /qa/'),(2,'24.157.164.104','',1543662097,'Edited board information for /qa/'),(2,'24.157.164.104','',1543662658,'Edited board information for /qa/'),(2,'24.157.164.104','',1543662701,'Edited board information for /b/'),(2,'24.157.164.104','',1543662745,'Edited board information for /qa/'),(2,'24.157.164.104','',1543662761,'Edited board information for /qa/'),(2,'24.157.164.104','',1543662849,'Deleted board: /qa/'),(2,'24.157.164.104',NULL,1543662865,'Created a new board: /qa/'),(2,'24.157.164.104',NULL,1543663154,'Logged in'),(2,'24.157.164.104',NULL,1543663220,'Created a new user: cool-guy <small>(#3)</small>'),(3,'24.157.164.104',NULL,1543663241,'Logged in'),(2,'24.157.164.104',NULL,1543663306,'Logged in'),(2,'24.157.164.104',NULL,1543663828,'Logged in'),(2,'24.157.164.104','',1543663849,'Edited board information for /b/'),(3,'70.177.108.143',NULL,1543706678,'Logged in'),(2,'24.157.164.104',NULL,1543707266,'Logged in'),(2,'24.157.164.104',NULL,1543717308,'Posted a news entry'),(2,'24.157.164.104',NULL,1543717326,'Deleted a news entry'),(2,'24.157.164.104',NULL,1543717531,'Posted a news entry'),(2,'24.157.164.104','',1543718229,'Edited board information for /b/'),(-1,'24.157.164.104','b',1543718760,'User deleted his own post #12'),(3,'70.177.108.143','b',1543722520,'Stickied thread #11'),(3,'70.177.108.143','b',1543722525,'Unstickied thread #3'),(-1,'71.168.137.164','qa',1543722784,'User deleted his own post #5'),(-1,'24.157.164.104','qa',1543722788,'User deleted his own post #4'),(3,'70.177.108.143','b',1543724269,'Created a new 1-minute ban on /b/ for <a href=\"?/IP/24.157.164.104\">24.157.164.104</a> (<small>#1</small>) with reason: test'),(3,'70.177.108.143','b',1543724269,'Attached a public ban message to post #1: USER WAS BANNED FOR THIS POST'),(3,'70.177.108.143','b',1543724283,'Deleted post #23'),(3,'70.177.108.143','b',1543724602,'Unstickied thread #11'),(3,'70.177.108.143','b',1543724672,'Deleted post #24'),(-1,'24.157.164.104','b',1543724960,'User deleted his own post #19'),(3,'70.177.108.143','b',1543724962,'Edited post #31'),(3,'70.177.108.143','b',1543725184,'Edited post #34'),(3,'70.177.108.143','b',1543725239,'Edited post #34'),(3,'70.177.108.143','b',1543725283,'Edited post #34'),(3,'70.177.108.143','b',1543725320,'Edited raw HTML of post #34'),(3,'70.177.108.143','b',1543725333,'Edited post #34'),(3,'70.177.108.143','b',1543725619,'Edited post #31'),(3,'70.177.108.143','b',1543725629,'Edited post #31'),(3,'70.177.108.143','b',1543725636,'Edited post #31'),(3,'70.177.108.143','b',1543727721,'Deleted file from post #49'),(3,'70.177.108.143','b',1543727838,'Edited post #49'),(2,'24.157.164.104',NULL,1543732328,'Posted a news entry'),(2,'24.157.164.104',NULL,1543732331,'Deleted a news entry'),(3,'72.213.154.114',NULL,1543735307,'Logged in'),(2,'24.157.164.104','b',1543748052,'Edited post #52'),(2,'24.157.164.104','b',1543748087,'Edited post #52'),(2,'24.157.164.104','b',1543748137,'Edited post #52'),(2,'24.157.164.104','b',1543748262,'Edited post #52'),(2,'24.157.164.104','b',1543748290,'Edited post #52'),(2,'24.157.164.104','b',1543748319,'Edited raw HTML of post #52'),(2,'24.157.164.104','b',1543748337,'Edited post #52'),(2,'24.157.164.104','b',1543748347,'Stickied thread #52'),(2,'24.157.164.104','b',1543748417,'Edited post #52'),(2,'24.157.164.104','b',1543794106,'Edited post #52'),(2,'24.157.164.104','b',1543794131,'Edited post #52'),(2,'24.157.164.104','b',1543794161,'Edited post #52'),(2,'24.157.164.104','b',1543794566,'Edited post #52'),(2,'24.157.164.104','b',1543795559,'Edited post #52'),(2,'24.157.164.104','b',1543796450,'Made cyclical thread #52'),(2,'24.157.164.104','b',1543796576,'Edited post #52'),(2,'24.157.164.104','b',1543796683,'Edited post #52'),(2,'24.157.164.104',NULL,1543797440,'Posted a news entry'),(2,'24.157.164.104','b',1543802289,'Edited post #52'),(2,'24.157.164.104','b',1543802520,'Edited post #52'),(2,'24.157.164.104','b',1543802540,'Edited post #52'),(2,'24.157.164.104','b',1543804066,'Edited post #52'),(2,'24.157.164.104','b',1543804633,'Edited post #52'),(2,'24.157.164.104','b',1543804992,'Edited post #52'),(2,'24.157.164.104','b',1543805041,'Edited post #52'),(2,'24.157.164.104','b',1543805135,'Edited post #52'),(2,'24.157.164.104','b',1543805249,'Edited post #52'),(2,'24.157.164.104','b',1543808387,'Edited post #52'),(2,'24.157.164.104','b',1543811688,'Edited post #52'),(2,'24.157.164.104','b',1543812291,'Deleted post #77'),(2,'24.157.164.104','b',1543812319,'Deleted post #73'),(2,'24.157.164.104','b',1543812407,'Deleted post #25'),(-1,'24.157.164.104','b',1543819603,'User deleted his own post #83'),(-1,'24.157.164.104','b',1543819603,'User deleted his own post #84'),(-1,'24.157.164.104','b',1543819603,'User deleted his own post #85'),(-1,'24.157.164.104','b',1543819603,'User deleted his own post #86'),(-1,'24.157.164.104','b',1543819603,'User deleted his own post #87'),(2,'24.157.164.104','b',1543820007,'Made cyclical thread #79'),(2,'24.157.164.104','b',1543820017,'Made not cyclical thread #79'),(2,'24.157.164.104','',1543822142,'Edited board information for /b/'),(2,'24.157.164.104',NULL,1543863466,'Logged in'),(2,'24.157.164.104','b',1543863544,'Edited post #112'),(2,'24.157.164.104','b',1543863688,'Edited post #52'),(2,'24.157.164.104','b',1543863729,'Edited post #52'),(2,'24.157.164.104','b',1543865348,'Edited post #112'),(2,'24.157.164.104','b',1543887920,'Edited post #52'),(2,'24.157.164.104','b',1543888884,'Deleted post #119'),(2,'24.157.164.104','b',1543888940,'Edited post #52'),(2,'24.157.164.104',NULL,1543889459,'Logged in'),(-1,'72.82.233.171','qa',1543890307,'User deleted his own post #23'),(2,'24.157.164.104','b',1543893126,'Edited post #52'),(2,'24.157.164.104','b',1543893517,'Edited post #52'),(2,'24.157.164.104','b',1543893540,'Edited post #52'),(2,'24.157.164.104','b',1543893610,'Edited post #52'),(2,'24.157.164.104','b',1543893680,'Edited post #52'),(2,'24.157.164.104','b',1543893718,'Edited post #52'),(2,'24.157.164.104','b',1543893919,'Edited post #52'),(2,'24.157.164.104','b',1543893933,'Edited post #52'),(2,'24.157.164.104','b',1543893962,'Edited post #52');
/*!40000 ALTER TABLE `modlogs` ENABLE KEYS */;
UNLOCK TABLES;

--
-- Table structure for table `mods`
--

DROP TABLE IF EXISTS `mods`;
/*!40101 SET @saved_cs_client     = @@character_set_client */;
/*!40101 SET character_set_client = utf8 */;
CREATE TABLE `mods` (
  `id` smallint(6) unsigned NOT NULL AUTO_INCREMENT,
  `username` varchar(30) NOT NULL,
  `password` varchar(256) CHARACTER SET ascii NOT NULL COMMENT 'SHA256',
  `version` varchar(64) CHARACTER SET ascii NOT NULL,
  `type` smallint(2) NOT NULL,
  `boards` text NOT NULL,
  PRIMARY KEY (`id`),
  UNIQUE KEY `id` (`id`,`username`)
) ENGINE=MyISAM AUTO_INCREMENT=4 DEFAULT CHARSET=utf8;
/*!40101 SET character_set_client = @saved_cs_client */;

--
-- Dumping data for table `mods`
--

LOCK TABLES `mods` WRITE;
/*!40000 ALTER TABLE `mods` DISABLE KEYS */;
INSERT INTO `mods` VALUES (3,'cool-guy','$6$rounds=25000$34.ZRJyH.B/8LxiW$vVkAbXLDe5SGgN7hPh8g6T1yRvH4MdXnB1Ky7AL/JkhBBgo8VtIafnbgcS9TySFZlBejr6EXx0D4Cw8GHJzSN/','1',30,'*'),(2,'verniy','$6$rounds=25000$WMZA3KGyIAhA5qaw$dMAfPINQ5OnXXWi6NxPWkLcFti3RgXZ5W/ssKIVD7Hn2oEvRX2S78qWjpx7dO5MQy3Ymh3h9V8L/PNHkUaIKA1','1',30,'*');
/*!40000 ALTER TABLE `mods` ENABLE KEYS */;
UNLOCK TABLES;

--
-- Table structure for table `mutes`
--

DROP TABLE IF EXISTS `mutes`;
/*!40101 SET @saved_cs_client     = @@character_set_client */;
/*!40101 SET character_set_client = utf8 */;
CREATE TABLE `mutes` (
  `ip` varchar(39) NOT NULL,
  `time` int(11) NOT NULL,
  KEY `ip` (`ip`)
) ENGINE=MyISAM DEFAULT CHARSET=ascii;
/*!40101 SET character_set_client = @saved_cs_client */;

--
-- Dumping data for table `mutes`
--

LOCK TABLES `mutes` WRITE;
/*!40000 ALTER TABLE `mutes` DISABLE KEYS */;
/*!40000 ALTER TABLE `mutes` ENABLE KEYS */;
UNLOCK TABLES;

--
-- Table structure for table `news`
--

DROP TABLE IF EXISTS `news`;
/*!40101 SET @saved_cs_client     = @@character_set_client */;
/*!40101 SET character_set_client = utf8 */;
CREATE TABLE `news` (
  `id` int(11) unsigned NOT NULL AUTO_INCREMENT,
  `name` text NOT NULL,
  `time` int(11) NOT NULL,
  `subject` text NOT NULL,
  `body` text NOT NULL,
  UNIQUE KEY `id` (`id`),
  KEY `time` (`time`)
) ENGINE=MyISAM AUTO_INCREMENT=5 DEFAULT CHARSET=utf8;
/*!40101 SET character_set_client = @saved_cs_client */;

--
-- Dumping data for table `news`
--

LOCK TABLES `news` WRITE;
/*!40000 ALTER TABLE `news` DISABLE KEYS */;
INSERT INTO `news` VALUES (4,'verniy',1543797440,'Github Repo','<a href=\"https://github.com/ECHibiki/ViQa-Kissu\" rel=\"nofollow\" target=\"_blank\">https://github.com/ECHibiki/ViQa-Kissu</a><br/><br/>This is the current site repo if you wish to add features to the site. Will be updated \"soon\"â„¢'),(3,'verniy',1543732328,' Overly Optimistic Site Planning ','Updates to be made before more official release(S1):<br/>* Vichan Setup and Configuration<br/>* CSS configuration<br/>* Antiflood block supplemented or replaced with encouraging captcha<br/>* User Requested UI Improvements<br/><br/>Future(S2):<br/>* Post to Rizon+Steam<br/>* More customization of layout, UI and CSS for unique board feel<br/>* Establish a democratic system of transparent, but powerful moderation<br/>* More mod tools to give better ability to handle problems in the future instead of as they arise<br/>* Small online games similar to what GNFOS did<br/><br/>Future(S3):<br/>* Post to /qa/<br/>* Evaluate effectiveness of mod tool, current moderation structure<br/><br/>Any opinions can be posted in the various ways possible to contact me.');
/*!40000 ALTER TABLE `news` ENABLE KEYS */;
UNLOCK TABLES;

--
-- Table structure for table `nntp_references`
--

DROP TABLE IF EXISTS `nntp_references`;
/*!40101 SET @saved_cs_client     = @@character_set_client */;
/*!40101 SET character_set_client = utf8 */;
CREATE TABLE `nntp_references` (
  `board` varchar(30) NOT NULL,
  `id` int(11) unsigned NOT NULL,
  `message_id` varchar(255) CHARACTER SET ascii NOT NULL,
  `message_id_digest` varchar(40) CHARACTER SET ascii NOT NULL,
  `own` tinyint(1) NOT NULL,
  `headers` text,
  PRIMARY KEY (`message_id_digest`),
  UNIQUE KEY `message_id` (`message_id`),
  UNIQUE KEY `u_board_id` (`board`,`id`)
) ENGINE=MyISAM DEFAULT CHARSET=utf8;
/*!40101 SET character_set_client = @saved_cs_client */;

--
-- Dumping data for table `nntp_references`
--

LOCK TABLES `nntp_references` WRITE;
/*!40000 ALTER TABLE `nntp_references` DISABLE KEYS */;
/*!40000 ALTER TABLE `nntp_references` ENABLE KEYS */;
UNLOCK TABLES;

--
-- Table structure for table `noticeboard`
--

DROP TABLE IF EXISTS `noticeboard`;
/*!40101 SET @saved_cs_client     = @@character_set_client */;
/*!40101 SET character_set_client = utf8 */;
CREATE TABLE `noticeboard` (
  `id` int(11) unsigned NOT NULL AUTO_INCREMENT,
  `mod` int(11) NOT NULL,
  `time` int(11) NOT NULL,
  `subject` text NOT NULL,
  `body` text NOT NULL,
  UNIQUE KEY `id` (`id`),
  KEY `time` (`time`)
) ENGINE=MyISAM DEFAULT CHARSET=utf8;
/*!40101 SET character_set_client = @saved_cs_client */;

--
-- Dumping data for table `noticeboard`
--

LOCK TABLES `noticeboard` WRITE;
/*!40000 ALTER TABLE `noticeboard` DISABLE KEYS */;
/*!40000 ALTER TABLE `noticeboard` ENABLE KEYS */;
UNLOCK TABLES;

--
-- Table structure for table `pages`
--

DROP TABLE IF EXISTS `pages`;
/*!40101 SET @saved_cs_client     = @@character_set_client */;
/*!40101 SET character_set_client = utf8 */;
CREATE TABLE `pages` (
  `id` int(11) NOT NULL AUTO_INCREMENT,
  `board` varchar(58) DEFAULT NULL,
  `name` varchar(255) NOT NULL,
  `title` varchar(255) DEFAULT NULL,
  `type` varchar(255) DEFAULT NULL,
  `content` text,
  PRIMARY KEY (`id`),
  UNIQUE KEY `u_pages` (`name`,`board`)
) ENGINE=MyISAM AUTO_INCREMENT=2 DEFAULT CHARSET=utf8;
/*!40101 SET character_set_client = @saved_cs_client */;

--
-- Dumping data for table `pages`
--

LOCK TABLES `pages` WRITE;
/*!40000 ALTER TABLE `pages` DISABLE KEYS */;
/*!40000 ALTER TABLE `pages` ENABLE KEYS */;
UNLOCK TABLES;

--
-- Table structure for table `pms`
--

DROP TABLE IF EXISTS `pms`;
/*!40101 SET @saved_cs_client     = @@character_set_client */;
/*!40101 SET character_set_client = utf8 */;
CREATE TABLE `pms` (
  `id` int(11) unsigned NOT NULL AUTO_INCREMENT,
  `sender` int(11) NOT NULL,
  `to` int(11) NOT NULL,
  `message` text NOT NULL,
  `time` int(11) NOT NULL,
  `unread` tinyint(1) NOT NULL,
  PRIMARY KEY (`id`),
  KEY `to` (`to`,`unread`)
) ENGINE=MyISAM DEFAULT CHARSET=utf8;
/*!40101 SET character_set_client = @saved_cs_client */;

--
-- Dumping data for table `pms`
--

LOCK TABLES `pms` WRITE;
/*!40000 ALTER TABLE `pms` DISABLE KEYS */;
/*!40000 ALTER TABLE `pms` ENABLE KEYS */;
UNLOCK TABLES;

--
-- Table structure for table `posts_b`
--

DROP TABLE IF EXISTS `posts_b`;
/*!40101 SET @saved_cs_client     = @@character_set_client */;
/*!40101 SET character_set_client = utf8 */;
CREATE TABLE `posts_b` (
  `id` int(11) unsigned NOT NULL AUTO_INCREMENT,
  `thread` int(11) DEFAULT NULL,
  `subject` varchar(100) DEFAULT NULL,
  `email` varchar(30) DEFAULT NULL,
  `name` varchar(35) DEFAULT NULL,
  `trip` varchar(15) DEFAULT NULL,
  `capcode` varchar(50) DEFAULT NULL,
  `body` text NOT NULL,
  `body_nomarkup` text,
  `time` int(11) NOT NULL,
  `bump` int(11) DEFAULT NULL,
  `files` text,
  `num_files` int(11) DEFAULT '0',
  `filehash` text CHARACTER SET ascii,
  `password` varchar(20) DEFAULT NULL,
  `ip` varchar(39) CHARACTER SET ascii NOT NULL,
  `sticky` int(1) NOT NULL,
  `locked` int(1) NOT NULL,
  `cycle` int(1) NOT NULL,
  `sage` int(1) NOT NULL,
  `embed` text,
  `slug` varchar(256) DEFAULT NULL,
  UNIQUE KEY `id` (`id`),
  KEY `thread_id` (`thread`,`id`),
  KEY `filehash` (`filehash`(40)),
  KEY `time` (`time`),
  KEY `ip` (`ip`),
  KEY `list_threads` (`thread`,`sticky`,`bump`)
) ENGINE=MyISAM AUTO_INCREMENT=164 DEFAULT CHARSET=utf8;
/*!40101 SET character_set_client = @saved_cs_client */;

--
-- Dumping data for table `posts_b`
--

LOCK TABLES `posts_b` WRITE;
/*!40000 ALTER TABLE `posts_b` DISABLE KEYS */;
INSERT INTO `posts_b` VALUES (1,NULL,NULL,NULL,'Anonymous',NULL,NULL,'best test','best test\n<tinyboard ban message>USER WAS BANNED FOR THIS POST</tinyboard>',1543661816,1543900655,'[{\"name\":\"14163e5ee62e016855a8509af7b8d894.jpg\",\"type\":\"image\\/jpeg\",\"tmp_name\":\"\\/tmp\\/phpJLN0Qv\",\"error\":0,\"size\":871973,\"filename\":\"14163e5ee62e016855a8509af7b8d894.jpg\",\"extension\":\"jpg\",\"file_id\":\"1543661816265\",\"file\":\"1543661816265.jpg\",\"thumb\":\"1543661816265.png\",\"is_an_image\":true,\"hash\":\"8f449cf58046ed787fc0aa904613f8b0\",\"width\":3000,\"height\":2124,\"thumbwidth\":255,\"thumbheight\":181,\"file_path\":\"b\\/src\\/1543661816265.jpg\",\"thumb_path\":\"b\\/thumb\\/1543661816265.png\"}]',1,'8f449cf58046ed787fc0aa904613f8b0','P)@0KZoE','24.157.164.104',0,0,0,0,NULL,'best-test'),(2,1,'boson board',NULL,'Anonymous',NULL,NULL,'but have you considered renaming \"Random\" to \"Boson\"?','but have you considered renaming \"Random\" to \"Boson\"?',1543663681,1543663681,'[{\"name\":\"1516340663097.jpg\",\"type\":\"image\\/jpeg\",\"tmp_name\":\"\\/tmp\\/phpR0SDCx\",\"error\":0,\"size\":8510,\"filename\":\"1516340663097.jpg\",\"extension\":\"jpg\",\"file_id\":\"1543663681120\",\"file\":\"1543663681120.jpg\",\"thumb\":\"1543663681120.png\",\"is_an_image\":true,\"hash\":\"e080966a57ba4fc9313b2323df23adfa\",\"width\":250,\"height\":250,\"thumbwidth\":250,\"thumbheight\":250,\"file_path\":\"b\\/src\\/1543663681120.jpg\",\"thumb_path\":\"b\\/thumb\\/1543663681120.png\"}]',1,'e080966a57ba4fc9313b2323df23adfa','vGTCwj^y','79.161.14.132',0,0,0,0,NULL,NULL),(3,NULL,NULL,NULL,'Anonymous',NULL,NULL,'boson','boson',1543706723,1543847763,'[{\"name\":\"1530525773762.png\",\"type\":\"image\\/png\",\"tmp_name\":\"\\/tmp\\/php8yPrs7\",\"error\":0,\"size\":262331,\"filename\":\"1530525773762.png\",\"extension\":\"png\",\"file_id\":\"1543706723048\",\"file\":\"1543706723048.png\",\"thumb\":\"1543706723048.png\",\"is_an_image\":true,\"hash\":\"2d916bb38acb879fb83ebc6f9d11ded6\",\"width\":678,\"height\":698,\"thumbwidth\":248,\"thumbheight\":255,\"file_path\":\"b\\/src\\/1543706723048.png\",\"thumb_path\":\"b\\/thumb\\/1543706723048.png\"}]',1,'2d916bb38acb879fb83ebc6f9d11ded6','','70.177.108.143',0,0,0,0,NULL,'boson'),(4,NULL,NULL,NULL,'Anonymous',NULL,NULL,'cummed','cummed',1543713344,1543892927,'[{\"name\":\"38293959_p0.jpg\",\"type\":\"image\\/jpeg\",\"tmp_name\":\"\\/tmp\\/phpcaTMZ6\",\"error\":0,\"size\":696977,\"filename\":\"38293959_p0.jpg\",\"extension\":\"jpg\",\"file_id\":\"1543713344398\",\"file\":\"1543713344398.jpg\",\"thumb\":\"1543713344398.png\",\"is_an_image\":true,\"hash\":\"db6107ea5f6d2038d60be095851a4c32\",\"width\":740,\"height\":1035,\"thumbwidth\":182,\"thumbheight\":255,\"file_path\":\"b\\/src\\/1543713344398.jpg\",\"thumb_path\":\"b\\/thumb\\/1543713344398.png\"}]',1,'db6107ea5f6d2038d60be095851a4c32','6T_me10G','71.168.137.164',0,0,0,0,NULL,'cummed'),(5,4,NULL,NULL,'Anonymous',NULL,NULL,'<span class=\"quote\">&gt;&gt;5</span>','>>5',1543714289,1543714289,NULL,0,NULL,'szxdFOdg','108.211.108.236',0,0,0,0,NULL,NULL),(6,4,NULL,NULL,'Anonymous',NULL,NULL,'<a onclick=\"highlightReply(\'4\', event);\" href=\"/b/res/4.html#4\">&gt;&gt;4</a>','>>4',1543714984,1543714984,NULL,0,NULL,'4qkYDx3G','24.157.164.104',0,0,0,0,NULL,NULL),(7,4,NULL,NULL,'Anonymous',NULL,NULL,'<a onclick=\"highlightReply(\'6\', event);\" href=\"/b/res/4.html#6\">&gt;&gt;6</a>','>>6\r\n',1543715263,1543715263,'[{\"name\":\"1510389159537.jpg\",\"type\":\"image\\/jpeg\",\"tmp_name\":\"\\/tmp\\/phpbguKnA\",\"error\":0,\"size\":494507,\"filename\":\"1510389159537.jpg\",\"extension\":\"jpg\",\"file_id\":\"1543715263831\",\"file\":\"1543715263831.jpg\",\"thumb\":\"1543715263831.png\",\"is_an_image\":true,\"hash\":\"6c98dc38a3ae8bd5d23491a5e8b9220e\",\"width\":750,\"height\":750,\"thumbwidth\":255,\"thumbheight\":255,\"file_path\":\"b\\/src\\/1543715263831.jpg\",\"thumb_path\":\"b\\/thumb\\/1543715263831.png\"}]',1,'6c98dc38a3ae8bd5d23491a5e8b9220e','szxdFOdg','108.211.108.236',0,0,0,0,NULL,NULL),(8,4,NULL,NULL,'Anonymous',NULL,NULL,'','',1543715789,1543715789,'[{\"name\":\"16d3fd5e61144ce35bbfb16195e7b2fa.jpg\",\"type\":\"image\\/jpeg\",\"tmp_name\":\"\\/tmp\\/php6n3ehK\",\"error\":0,\"size\":414097,\"filename\":\"16d3fd5e61144ce35bbfb16195e7b2fa.jpg\",\"extension\":\"jpg\",\"file_id\":\"1543715789364\",\"file\":\"1543715789364.jpg\",\"thumb\":\"1543715789364.png\",\"is_an_image\":true,\"hash\":\"16d3fd5e61144ce35bbfb16195e7b2fa\",\"width\":737,\"height\":1039,\"thumbwidth\":181,\"thumbheight\":254,\"file_path\":\"b\\/src\\/1543715789364.jpg\",\"thumb_path\":\"b\\/thumb\\/1543715789364.png\"}]',1,'16d3fd5e61144ce35bbfb16195e7b2fa','4Nk8Ai2C','79.161.14.132',0,0,0,0,NULL,NULL),(9,4,NULL,NULL,'Anonymous',NULL,NULL,'','',1543715825,1543715825,'[{\"name\":\"f1956bdfba6e569a4dfb85fc57ec0323.png\",\"type\":\"image\\/png\",\"tmp_name\":\"\\/tmp\\/phpidLlwl\",\"error\":0,\"size\":459541,\"filename\":\"f1956bdfba6e569a4dfb85fc57ec0323.png\",\"extension\":\"png\",\"file_id\":\"1543715825786\",\"file\":\"1543715825786.png\",\"thumb\":\"1543715825786.png\",\"is_an_image\":true,\"hash\":\"f1956bdfba6e569a4dfb85fc57ec0323\",\"width\":1280,\"height\":1280,\"thumbwidth\":255,\"thumbheight\":255,\"file_path\":\"b\\/src\\/1543715825786.png\",\"thumb_path\":\"b\\/thumb\\/1543715825786.png\"}]',1,'f1956bdfba6e569a4dfb85fc57ec0323','4Nk8Ai2C','79.161.14.132',0,0,0,0,NULL,NULL),(10,4,NULL,NULL,'Anonymous',NULL,NULL,'<a onclick=\"highlightReply(\'9\', event);\" href=\"/b/res/4.html#9\">&gt;&gt;9</a><br/>Almost cummed','>>9\r\nAlmost cummed\r\n',1543717951,1543717951,'[{\"name\":\"f41b0322be30b74fc2fae1c57adda9e6.jpg\",\"type\":\"image\\/jpeg\",\"tmp_name\":\"\\/tmp\\/phpwadyD1\",\"error\":0,\"size\":634561,\"filename\":\"f41b0322be30b74fc2fae1c57adda9e6.jpg\",\"extension\":\"jpg\",\"file_id\":\"1543717951407\",\"file\":\"1543717951407.jpg\",\"thumb\":\"1543717951407.png\",\"is_an_image\":true,\"hash\":\"f41b0322be30b74fc2fae1c57adda9e6\",\"width\":1600,\"height\":1600,\"thumbwidth\":255,\"thumbheight\":255,\"file_path\":\"b\\/src\\/1543717951407.jpg\",\"thumb_path\":\"b\\/thumb\\/1543717951407.png\"}]',1,'f41b0322be30b74fc2fae1c57adda9e6','4qkYDx3G','24.157.164.104',0,0,0,0,NULL,NULL),(11,NULL,NULL,NULL,'Anonymous',NULL,NULL,'kissu (kissu (kissu))','kissu (kissu (kissu))',1543718225,1543725786,'[{\"name\":\"70863708_p0.jpg\",\"type\":\"image\\/jpeg\",\"tmp_name\":\"\\/tmp\\/phpe4Qcxo\",\"error\":0,\"size\":145689,\"filename\":\"70863708_p0.jpg\",\"extension\":\"jpg\",\"file_id\":\"1543718225346\",\"file\":\"1543718225346.jpg\",\"thumb\":\"1543718225346.png\",\"is_an_image\":true,\"hash\":\"e839d03afc1423e8ed61b4372e87b4ab\",\"width\":750,\"height\":536,\"thumbwidth\":255,\"thumbheight\":182,\"file_path\":\"b\\/src\\/1543718225346.jpg\",\"thumb_path\":\"b\\/thumb\\/1543718225346.png\"}]',1,'e839d03afc1423e8ed61b4372e87b4ab','6T_me10G','71.168.137.164',0,0,0,0,NULL,'kissu-kissu-kissu'),(13,1,NULL,NULL,'Anonymous',NULL,NULL,'seems like I need to get webm and mp4 detected myself.<br/><br/>Also some filesize stuff isn\'t configuring the way I expect it','seems like I need to get webm and mp4 detected myself.\r\n\r\nAlso some filesize stuff isn\'t configuring the way I expect it',1543719147,1543719147,'[{\"name\":\"5e2ee1d2db4f8a8e5f4fd048d2538cbd.jpg\",\"type\":\"image\\/jpeg\",\"tmp_name\":\"\\/tmp\\/php15R77B\",\"error\":0,\"size\":1313123,\"filename\":\"5e2ee1d2db4f8a8e5f4fd048d2538cbd.jpg\",\"extension\":\"jpg\",\"file_id\":\"1543719147871\",\"file\":\"1543719147871.jpg\",\"thumb\":\"1543719147871.png\",\"is_an_image\":true,\"hash\":\"5e2ee1d2db4f8a8e5f4fd048d2538cbd\",\"width\":1058,\"height\":1471,\"thumbwidth\":184,\"thumbheight\":255,\"file_path\":\"b\\/src\\/1543719147871.jpg\",\"thumb_path\":\"b\\/thumb\\/1543719147871.png\"}]',1,'5e2ee1d2db4f8a8e5f4fd048d2538cbd','4qkYDx3G','24.157.164.104',0,0,0,0,NULL,NULL),(14,1,NULL,NULL,'Anonymous',NULL,NULL,'','',1543722192,1543722192,'[{\"name\":\"4a23f62a528ab5211e47401f3056fdca.gif\",\"type\":\"image\\/gif\",\"tmp_name\":\"\\/tmp\\/phpU5nqc3\",\"error\":0,\"size\":11798429,\"filename\":\"4a23f62a528ab5211e47401f3056fdca.gif\",\"extension\":\"gif\",\"file_id\":\"1543722191914\",\"file\":\"1543722191914.gif\",\"thumb\":\"1543722191914.png\",\"is_an_image\":true,\"hash\":\"42a35a7e81d6539dcdcecc27c3ba1652\",\"width\":1280,\"height\":720,\"thumbwidth\":255,\"thumbheight\":143,\"file_path\":\"b\\/src\\/1543722191914.gif\",\"thumb_path\":\"b\\/thumb\\/1543722191914.png\"}]',1,'42a35a7e81d6539dcdcecc27c3ba1652','4qkYDx3G','24.157.164.104',0,0,0,0,NULL,NULL),(15,1,NULL,NULL,'Anonymous',NULL,NULL,'','',1543722365,1543722365,'[{\"name\":\"test.mp3\",\"type\":\"audio\\/mp3\",\"tmp_name\":\"\\/tmp\\/phpDH3Zh3\",\"error\":0,\"size\":38209,\"filename\":\"test.mp3\",\"extension\":\"mp3\",\"file_id\":\"1543722365667\",\"file\":\"1543722365667.mp3\",\"thumb\":\"file\",\"is_an_image\":false,\"hash\":\"215004f7f74de3e7141aea6f32d84a83\",\"thumbwidth\":67,\"thumbheight\":118,\"file_path\":\"b\\/src\\/1543722365667.mp3\",\"thumb_path\":\"file\"}]',1,'215004f7f74de3e7141aea6f32d84a83','4qkYDx3G','24.157.164.104',0,0,0,0,NULL,NULL),(16,1,NULL,NULL,'Anonymous',NULL,NULL,'bleh','bleh',1543722502,1543722502,'[{\"name\":\"07 - Nostalgia.mp3\",\"type\":\"audio\\/mpeg\",\"tmp_name\":\"\\/tmp\\/phphufqj7\",\"error\":0,\"size\":4397233,\"filename\":\"07 - Nostalgia.mp3\",\"extension\":\"mp3\",\"file_id\":\"1543722502950\",\"file\":\"1543722502950.mp3\",\"thumb\":\"file\",\"is_an_image\":false,\"hash\":\"7bfff33d5ebe36d1878f6b96922668bf\",\"thumbwidth\":67,\"thumbheight\":118,\"file_path\":\"b\\/src\\/1543722502950.mp3\",\"thumb_path\":\"file\"}]',1,'7bfff33d5ebe36d1878f6b96922668bf','','70.177.108.143',0,0,0,0,NULL,NULL),(17,3,NULL,NULL,'Anonymous',NULL,NULL,'boson?','boson?',1543722511,1543722511,NULL,0,NULL,'6T_me10G','71.168.137.164',0,0,0,0,NULL,NULL),(18,11,NULL,NULL,'Anonymous',NULL,NULL,'<font size=\"6\" color=\"purple\">kissu</font>\n','<font size=\"6\" color=\"purple\">kissu</font>\n<tinyboard raw html>1</tinyboard>',1543722753,1543722753,NULL,0,NULL,'','70.177.108.143',0,0,0,0,NULL,NULL),(32,1,'sage','sage','sage',NULL,NULL,'','',1543724979,1543724979,'[{\"name\":\"4a23f62a528ab5211e47401f3056fdca.webm\",\"type\":\"video\\/webm\",\"tmp_name\":\"\\/tmp\\/phpQrcBYf\",\"error\":0,\"size\":1565006,\"filename\":\"4a23f62a528ab5211e47401f3056fdca.webm\",\"extension\":\"webm\",\"file_id\":\"1543724979630\",\"file\":\"1543724979630.webm\",\"thumb\":\"file\",\"is_an_image\":false,\"hash\":\"82107d2e3ed38273dc4e5e09334d2a98\",\"thumbwidth\":255,\"thumbheight\":143,\"file_path\":\"b\\/src\\/1543724979630.webm\",\"thumb_path\":\"file\",\"width\":1280,\"height\":720}]',1,'82107d2e3ed38273dc4e5e09334d2a98','4qkYDx3G','24.157.164.104',0,0,0,0,NULL,NULL),(20,1,NULL,NULL,'Anonymous',NULL,NULL,'','',1543723489,1543723489,'[{\"name\":\"4a23f62a528ab5211e47401f3056fdca.mp4\",\"type\":\"video\\/mp4\",\"tmp_name\":\"\\/tmp\\/php6NxcVw\",\"error\":0,\"size\":1283247,\"filename\":\"4a23f62a528ab5211e47401f3056fdca.mp4\",\"extension\":\"mp4\",\"file_id\":\"1543723489219\",\"file\":\"1543723489219.mp4\",\"thumb\":\"1543723489219.jpg\",\"is_an_image\":false,\"hash\":\"4a23f62a528ab5211e47401f3056fdca\",\"thumbwidth\":255,\"thumbheight\":143,\"file_path\":\"b\\/src\\/1543723489219.mp4\",\"thumb_path\":\"file\",\"width\":1280,\"height\":720}]',1,'4a23f62a528ab5211e47401f3056fdca','4qkYDx3G','24.157.164.104',0,0,0,0,NULL,NULL),(21,1,NULL,NULL,'Anonymous',NULL,NULL,'<a onclick=\"highlightReply(\'16\', event);\" href=\"/b/res/1.html#16\">&gt;&gt;16</a>','>>16\r\n',1543723750,1543723750,'[{\"name\":\"ss (2018-12-01 at 11.07.09).png\",\"type\":\"image\\/png\",\"tmp_name\":\"\\/tmp\\/phpGJHjBE\",\"error\":0,\"size\":398054,\"filename\":\"ss (2018-12-01 at 11.07.09).png\",\"extension\":\"png\",\"file_id\":\"1543723750082\",\"file\":\"1543723750082.png\",\"thumb\":\"1543723750082.png\",\"is_an_image\":true,\"hash\":\"d126282ad52ec77019d8964001a58d9a\",\"width\":640,\"height\":480,\"thumbwidth\":255,\"thumbheight\":191,\"file_path\":\"b\\/src\\/1543723750082.png\",\"thumb_path\":\"b\\/thumb\\/1543723750082.png\"}]',1,'d126282ad52ec77019d8964001a58d9a','6T_me10G','71.168.137.164',0,0,0,0,NULL,NULL),(22,1,NULL,NULL,'Anonymous',NULL,NULL,'','',1543723986,1543723986,'[{\"name\":\"pirate_alestorm.webm\",\"type\":\"video\\/webm\",\"tmp_name\":\"\\/tmp\\/php5fWhrL\",\"error\":0,\"size\":3780073,\"filename\":\"pirate_alestorm.webm\",\"extension\":\"webm\",\"file_id\":\"1543723985554\",\"file\":\"1543723985554.webm\",\"thumb\":\"1543723985554.jpg\",\"is_an_image\":false,\"hash\":\"144f46f7b9f10b2e5a53144efc3a31aa\",\"thumbwidth\":255,\"thumbheight\":143,\"file_path\":\"b\\/src\\/1543723985554.webm\",\"thumb_path\":\"file\",\"width\":1280,\"height\":720}]',1,'144f46f7b9f10b2e5a53144efc3a31aa','','64.251.150.126',0,0,0,0,NULL,NULL),(26,1,NULL,NULL,'Anonymous',NULL,NULL,'','',1543724702,1543724702,'[{\"name\":\"\\u4e00\\u629e\\u5f7c\\u5973 \\u52a0\\u85e4\\u6075 \\u65e0\\u9650\\u5faa\\u73af\\u7248-Hugsxa8Qh7g.mp4\",\"type\":\"video\\/mp4\",\"tmp_name\":\"\\/tmp\\/php0QqcHn\",\"error\":0,\"size\":2939738,\"filename\":\"\\u4e00\\u629e\\u5f7c\\u5973 \\u52a0\\u85e4\\u6075 \\u65e0\\u9650\\u5faa\\u73af\\u7248-Hugsxa8Qh7g.mp4\",\"extension\":\"mp4\",\"file_id\":\"1543724702275\",\"file\":\"1543724702275.mp4\",\"thumb\":\"1543724702275.jpg\",\"is_an_image\":false,\"hash\":\"a9d67f089cb247339a32f711a8a612a7\",\"thumbwidth\":255,\"thumbheight\":143,\"file_path\":\"b\\/src\\/1543724702275.mp4\",\"thumb_path\":\"file\",\"width\":1280,\"height\":720}]',1,'a9d67f089cb247339a32f711a8a612a7','eumtbdb2','73.223.119.89',0,0,0,0,NULL,NULL),(79,NULL,'first OFFICIAL /b/log',NULL,'Anonymous',NULL,NULL,'here we blog, born to be kings<br/>we\'re the princes of the universe','here we blog, born to be kings\r\nwe\'re the princes of the universe',1543812475,1543812595,'[{\"name\":\"44552811_p0.jpg\",\"type\":\"image\\/jpeg\",\"tmp_name\":\"\\/tmp\\/phpIsSfVj\",\"error\":0,\"size\":1919967,\"filename\":\"44552811_p0.jpg\",\"extension\":\"jpg\",\"file_id\":\"1543812475261\",\"file\":\"1543812475261.jpg\",\"thumb\":\"1543812475261.png\",\"is_an_image\":true,\"hash\":\"999195405e616dc5361bb567cbd24521\",\"width\":900,\"height\":1588,\"thumbwidth\":145,\"thumbheight\":255,\"file_path\":\"b\\/src\\/1543812475261.jpg\",\"thumb_path\":\"b\\/thumb\\/1543812475261.png\"}]',1,'999195405e616dc5361bb567cbd24521','Kw+SK1V(','41.77.131.146',0,0,0,0,NULL,'first-official-b-log'),(27,1,NULL,NULL,'Anonymous',NULL,NULL,'epic ban','epic ban',1543724711,1543724711,'[{\"name\":\"a57797551a620a80ce9a0e2c74d71004.webm\",\"type\":\"video\\/webm\",\"tmp_name\":\"\\/tmp\\/phpkNHxmS\",\"error\":0,\"size\":187218,\"filename\":\"a57797551a620a80ce9a0e2c74d71004.webm\",\"extension\":\"webm\",\"file_id\":\"1543724711101\",\"file\":\"1543724711101.webm\",\"thumb\":\"1543724711101.jpg\",\"is_an_image\":false,\"hash\":\"207863df953f86b1e7288b60668025ec\",\"thumbwidth\":255,\"thumbheight\":179,\"file_path\":\"b\\/src\\/1543724711101.webm\",\"thumb_path\":\"file\",\"width\":560,\"height\":394}]',1,'207863df953f86b1e7288b60668025ec','4qkYDx3G','24.157.164.104',0,0,0,0,NULL,NULL),(28,11,NULL,NULL,'Anonymous',NULL,NULL,' <font face=\"bookman\">bookman font test</font> \n',' <font face=\"bookman\">bookman font test</font> \n<tinyboard raw html>1</tinyboard>',1543724723,1543724723,NULL,0,NULL,'','70.177.108.143',0,0,0,0,NULL,NULL),(29,11,NULL,NULL,'Anonymous',NULL,NULL,' <font face=\"verdana\">verdana test</font> \n',' <font face=\"verdana\">verdana test</font> \n<tinyboard raw html>1</tinyboard>',1543724748,1543724748,NULL,0,NULL,'','70.177.108.143',0,0,0,0,NULL,NULL),(30,NULL,NULL,NULL,'Anonymous',NULL,NULL,'boson captor sakura','boson captor sakura',1543724865,1543726091,'[{\"name\":\"ccs.mp4\",\"type\":\"video\\/mp4\",\"tmp_name\":\"\\/tmp\\/phps1R8QL\",\"error\":0,\"size\":16943126,\"filename\":\"ccs.mp4\",\"extension\":\"mp4\",\"file_id\":\"1543724864613\",\"file\":\"1543724864613.mp4\",\"thumb\":\"1543724864613.jpg\",\"is_an_image\":false,\"hash\":\"4516fd578903e9e98dfd749c1d7cba2f\",\"thumbwidth\":255,\"thumbheight\":191,\"file_path\":\"b\\/src\\/1543724864613.mp4\",\"thumb_path\":\"file\",\"width\":960,\"height\":720}]',1,'4516fd578903e9e98dfd749c1d7cba2f','6T_me10G','71.168.137.164',0,0,0,0,NULL,'boson-captor-sakura'),(31,11,'','','Anonymous',NULL,NULL,'<!DOCTYPE html>\r\n<html>\r\n<head>\r\n<style>\r\nh1 {\r\n    text-shadow: 0 0 8px #9775AA;\r\n}\r\n</style>\r\n</head>\r\n<body>\r\n\r\n<h1>testing</h1>\r\n\r\n</body>\r\n</html>\r\n','<!DOCTYPE html>\r\n<html>\r\n<head>\r\n<style>\r\nh1 {\r\n    text-shadow: 0 0 8px #9775AA;\r\n}\r\n</style>\r\n</head>\r\n<body>\r\n\r\n<h1>testing</h1>\r\n\r\n</body>\r\n</html>\r\n<tinyboard raw html>1</tinyboard>',1543724892,1543724892,NULL,0,NULL,'','70.177.108.143',0,0,0,0,NULL,NULL),(33,11,NULL,NULL,'Anonymous',NULL,NULL,'      <font size = \"1\">Font size = \"1\"</font><br />\r\n      <font size = \"2\">Font size = \"2\"</font><br />\r\n      <font size = \"3\">Font size = \"3\"</font><br />\r\n      <font size = \"4\">Font size = \"4\"</font><br />\r\n      <font size = \"5\">Font size = \"5\"</font><br />\r\n      <font size = \"6\">Font size = \"6\"</font><br />\r\n      <font size = \"7\">Font size = \"7\"</font><br />\n','      <font size = \"1\">Font size = \"1\"</font><br />\r\n      <font size = \"2\">Font size = \"2\"</font><br />\r\n      <font size = \"3\">Font size = \"3\"</font><br />\r\n      <font size = \"4\">Font size = \"4\"</font><br />\r\n      <font size = \"5\">Font size = \"5\"</font><br />\r\n      <font size = \"6\">Font size = \"6\"</font><br />\r\n      <font size = \"7\">Font size = \"7\"</font><br />\n<tinyboard raw html>1</tinyboard>',1543725035,1543725035,NULL,0,NULL,'','70.177.108.143',0,0,0,0,NULL,NULL),(34,1,'','','Anonymous',NULL,NULL,'<!DOCTYPE html>\r\n<html>\r\n\r\n   <head>\r\n      <title>HTML marquee Tag</title>\r\n   </head>\r\n	\r\n   <body>\r\n      <marquee width = \"50%\">boson</marquee>\r\n   </body>\r\n	\r\n</html>\r\n<html>\r\n\r\n   <head>\r\n      <title>HTML marquee Tag</title>\r\n   </head>\r\n	\r\n   <body>\r\n      <marquee direction = \"up\">boson</marquee>\r\n   </body>\r\n	\r\n</html>\r\n<!DOCTYPE html>\r\n<html>\r\n\r\n   <head>\r\n      <title>HTML marquee Tag</title>\r\n   </head>\r\n	\r\n   <body>\r\n      <marquee width = \"50%\">boson</marquee>\r\n   </body>\r\n	\r\n</html>\r\n','<!DOCTYPE html>\r\n<html>\r\n\r\n   <head>\r\n      <title>HTML marquee Tag</title>\r\n   </head>\r\n	\r\n   <body>\r\n      <marquee width = \"50%\">boson</marquee>\r\n   </body>\r\n	\r\n</html>\r\n<html>\r\n\r\n   <head>\r\n      <title>HTML marquee Tag</title>\r\n   </head>\r\n	\r\n   <body>\r\n      <marquee direction = \"up\">boson</marquee>\r\n   </body>\r\n	\r\n</html>\r\n<!DOCTYPE html>\r\n<html>\r\n\r\n   <head>\r\n      <title>HTML marquee Tag</title>\r\n   </head>\r\n	\r\n   <body>\r\n      <marquee width = \"50%\">boson</marquee>\r\n   </body>\r\n	\r\n</html>\r\n<tinyboard raw html>1</tinyboard>',1543725147,1543725147,NULL,0,NULL,'','70.177.108.143',0,0,0,0,NULL,NULL),(35,1,NULL,NULL,'Anonymous',NULL,NULL,'','',1543725419,1543725419,'[{\"name\":\"small.webm\",\"type\":\"video\\/webm\",\"tmp_name\":\"\\/tmp\\/phpks9kfi\",\"error\":0,\"size\":7199,\"filename\":\"small.webm\",\"extension\":\"webm\",\"file_id\":\"1543725418763\",\"file\":\"1543725418763.webm\",\"thumb\":\"1543725418763.jpg\",\"is_an_image\":false,\"hash\":\"27ac56dcea26d93837b06e436c7db78f\",\"thumbwidth\":255,\"thumbheight\":143,\"file_path\":\"b\\/src\\/1543725418763.webm\",\"thumb_path\":\"file\",\"width\":1280,\"height\":720}]',1,'27ac56dcea26d93837b06e436c7db78f','dmfG#6T^','64.251.150.126',0,0,0,0,NULL,NULL),(36,1,NULL,NULL,'Anonymous',NULL,NULL,'','',1543725462,1543725462,'[{\"name\":\"smaller.webm\",\"type\":\"video\\/webm\",\"tmp_name\":\"\\/tmp\\/phpFCrXze\",\"error\":0,\"size\":1417,\"filename\":\"smaller.webm\",\"extension\":\"webm\",\"file_id\":\"1543725462341\",\"file\":\"1543725462341.webm\",\"thumb\":\"1543725462341.jpg\",\"is_an_image\":false,\"hash\":\"197122591ef97a0adfe6c302c6837531\",\"thumbwidth\":1,\"thumbheight\":1,\"file_path\":\"b\\/src\\/1543725462341.webm\",\"thumb_path\":\"file\",\"width\":1,\"height\":1}]',1,'197122591ef97a0adfe6c302c6837531','dmfG#6T^','64.251.150.126',0,0,0,0,NULL,NULL),(37,11,NULL,NULL,'Anonymous',NULL,NULL,'<a href=\"https://www.codecademy.com/learn/learn-html\" rel=\"nofollow\" target=\"_blank\">https://www.codecademy.com/learn/learn-html</a>','https://www.codecademy.com/learn/learn-html',1543725653,1543725653,NULL,0,NULL,'4qkYDx3G','24.157.164.104',0,0,0,0,NULL,NULL),(38,1,'subject','gokutrunks05@yahoo.com','name',NULL,NULL,'comment','comment',1543725765,1543725765,'[{\"name\":\"1543204251683.jpg\",\"type\":\"image\\/jpeg\",\"tmp_name\":\"\\/tmp\\/phpiXVIyH\",\"error\":0,\"size\":69171,\"filename\":\"1543204251683.jpg\",\"extension\":\"jpg\",\"file_id\":\"1543725765150\",\"file\":\"1543725765150.jpg\",\"thumb\":\"1543725765150.png\",\"is_an_image\":true,\"hash\":\"1b4bc2e9090f04c6b7f8d7d35f7a9d3a\",\"width\":553,\"height\":800,\"thumbwidth\":177,\"thumbheight\":255,\"file_path\":\"b\\/src\\/1543725765150.jpg\",\"thumb_path\":\"b\\/thumb\\/1543725765150.png\"}]',1,'1b4bc2e9090f04c6b7f8d7d35f7a9d3a','','70.177.108.143',0,0,0,0,NULL,NULL),(39,11,NULL,NULL,'','!s2/n35b3dU',NULL,'','',1543725786,1543725786,NULL,0,NULL,'4qkYDx3G','24.157.164.104',0,0,0,0,NULL,NULL),(40,3,NULL,NULL,'','!ceMUJENt.g',NULL,'boson','boson',1543725867,1543725867,NULL,0,NULL,'4qkYDx3G','24.157.164.104',0,0,0,0,NULL,NULL),(41,30,NULL,NULL,'','!ceMUJENt.g',NULL,'boson capta','boson capta',1543726091,1543726091,NULL,0,NULL,'4qkYDx3G','24.157.164.104',0,0,0,0,NULL,NULL),(42,1,NULL,NULL,'Anonymous',NULL,NULL,'','',1543726210,1543726210,'[{\"name\":\"Slow Motion.mp3\",\"type\":\"audio\\/mpeg\",\"tmp_name\":\"\\/tmp\\/phpmxCoUc\",\"error\":0,\"size\":12583462,\"filename\":\"Slow Motion.mp3\",\"extension\":\"mp3\",\"file_id\":\"1543726210149\",\"file\":\"1543726210149.mp3\",\"thumb\":\"file\",\"is_an_image\":false,\"hash\":\"1a4d6e9c8b29a8a9818a934c718afa43\",\"thumbwidth\":67,\"thumbheight\":118,\"file_path\":\"b\\/src\\/1543726210149.mp3\",\"thumb_path\":\"file\"}]',1,'1a4d6e9c8b29a8a9818a934c718afa43','dmfG#6T^','64.251.150.126',0,0,0,0,NULL,NULL),(43,1,NULL,NULL,'Anonymous',NULL,NULL,'test','test',1543726263,1543726263,NULL,0,NULL,'4qkYDx3G','24.157.164.104',0,0,0,0,NULL,NULL),(44,1,NULL,NULL,'verniy',NULL,'Mod','test','test',1543726648,1543726648,NULL,0,NULL,'4qkYDx3G','24.157.164.104',0,0,0,0,NULL,NULL),(45,3,NULL,NULL,'Anonymous','!mODerat0R.',NULL,'boson','boson',1543726743,1543726743,'[{\"name\":\"01.\\u30ef\\u30f3\\u30eb\\u30fc\\u30e0\\u30b7\\u30e5\\u30ac\\u30fc\\u30e9\\u30a4\\u30d5.mp3\",\"type\":\"audio\\/mpeg\",\"tmp_name\":\"\\/tmp\\/phpuWUt0C\",\"error\":0,\"size\":6737360,\"filename\":\"01.\\u30ef\\u30f3\\u30eb\\u30fc\\u30e0\\u30b7\\u30e5\\u30ac\\u30fc\\u30e9\\u30a4\\u30d5.mp3\",\"extension\":\"mp3\",\"file_id\":\"1543726743549\",\"file\":\"1543726743549.mp3\",\"thumb\":\"file\",\"is_an_image\":false,\"hash\":\"fba8ec32b47ba02b5494481aa6dbab21\",\"thumbwidth\":67,\"thumbheight\":118,\"file_path\":\"b\\/src\\/1543726743549.mp3\",\"thumb_path\":\"file\"}]',1,'fba8ec32b47ba02b5494481aa6dbab21','dmfG#6T^','64.251.150.126',0,0,0,0,NULL,NULL),(46,3,NULL,NULL,'Anonymous',NULL,NULL,'<a onclick=\"highlightReply(\'45\', event);\" href=\"/b/res/3.html#45\">&gt;&gt;45</a><br/>boson','>>45\r\nboson',1543727150,1543727150,'[{\"name\":\"\\u611b\\u306e\\u6b4c\\u306a\\u3093\\u3066.mp3\",\"type\":\"audio\\/mpeg\",\"tmp_name\":\"\\/tmp\\/phpEoguHl\",\"error\":0,\"size\":4112456,\"filename\":\"\\u611b\\u306e\\u6b4c\\u306a\\u3093\\u3066.mp3\",\"extension\":\"mp3\",\"file_id\":\"1543727150580\",\"file\":\"1543727150580.mp3\",\"thumb\":\"file\",\"is_an_image\":false,\"hash\":\"0082d5a856007c9d6339130823cd3fe3\",\"thumbwidth\":67,\"thumbheight\":118,\"file_path\":\"b\\/src\\/1543727150580.mp3\",\"thumb_path\":\"file\"}]',1,'0082d5a856007c9d6339130823cd3fe3','6T_me10G','71.168.137.164',0,0,0,0,NULL,NULL),(47,1,NULL,NULL,'boson',NULL,'Mod','boson','boson',1543727412,1543727412,'[{\"name\":\"[joseole99][QTS][polished] Mahoromatic ~SMB~ 10 (1280x720 h264 AC3 FLAC) [54EE1F7F].mkv_snapshot_09.06_[2018.11.02_18.51.32].jpg\",\"type\":\"image\\/jpeg\",\"tmp_name\":\"\\/tmp\\/phpzLr2Cu\",\"error\":0,\"size\":158813,\"filename\":\"[joseole99][QTS][polished] Mahoromatic ~SMB~ 10 (1280x720 h264 AC3 FLAC) [54EE1F7F].mkv_snapshot_09.06_[2018.11.02_18.51.32].jpg\",\"extension\":\"jpg\",\"file_id\":\"1543727412217\",\"file\":\"1543727412217.jpg\",\"thumb\":\"1543727412217.png\",\"is_an_image\":true,\"hash\":\"2cce92cd4d3537985908a9c0f8491155\",\"width\":1280,\"height\":720,\"thumbwidth\":255,\"thumbheight\":143,\"file_path\":\"b\\/src\\/1543727412217.jpg\",\"thumb_path\":\"b\\/thumb\\/1543727412217.png\"}]',1,'2cce92cd4d3537985908a9c0f8491155','','70.177.108.143',0,0,0,0,NULL,NULL),(48,1,NULL,NULL,'boson',NULL,'God','boson','boson',1543727443,1543727443,NULL,0,NULL,'','70.177.108.143',0,0,0,0,NULL,NULL),(49,1,'','','Anonymous',NULL,NULL,' <iframe width=\"420\" height=\"315\"\r\nsrc=\"https://www.youtube.com/embed/MwIYJEOlkmM\">\r\n</iframe> \r\n\r\n',' <iframe width=\"420\" height=\"315\"\r\nsrc=\"https://www.youtube.com/embed/MwIYJEOlkmM\">\r\n</iframe> \r\n\r\n<tinyboard raw html>1</tinyboard>',1543727700,1543727700,'[{\"name\":\"[tsukuyomi moonphase][hazuki][artist- kagejyo]c7024d9a8a0e20bad44c363c62a6fc68.jpg\",\"type\":\"image\\/jpeg\",\"tmp_name\":\"\\/tmp\\/phpjvQxyE\",\"error\":0,\"size\":279208,\"filename\":\"[tsukuyomi moonphase][hazuki][artist- kagejyo]c7024d9a8a0e20bad44c363c62a6fc68.jpg\",\"extension\":\"jpg\",\"file_id\":\"1543727700408\",\"file\":\"deleted\",\"is_an_image\":true,\"hash\":\"c7024d9a8a0e20bad44c363c62a6fc68\",\"width\":900,\"height\":732,\"thumbwidth\":255,\"thumbheight\":207,\"file_path\":\"b\\/src\\/1543727700408.jpg\",\"thumb_path\":\"b\\/thumb\\/1543727700408.png\"}]',1,'c7024d9a8a0e20bad44c363c62a6fc68','','70.177.108.143',0,0,0,0,NULL,NULL),(51,1,NULL,NULL,'Anonymous',NULL,NULL,'uhhhh<br/><a href=\"https://www.youtube.com/watch?v=tyneiz9FRMw\" rel=\"nofollow\" target=\"_blank\">https://www.youtube.com/watch?v=tyneiz9FRMw</a>','uhhhh\r\nhttps://www.youtube.com/watch?v=tyneiz9FRMw',1543728586,1543728586,NULL,0,NULL,'6T_me10G','71.168.137.164',0,0,0,0,NULL,NULL),(50,3,NULL,NULL,'Anonymous',NULL,NULL,'boson','boson',1543727825,1543727825,NULL,0,NULL,'','70.177.108.143',0,0,0,0,NULL,NULL),(52,NULL,'','','Anonymous',NULL,NULL,'Updated 03/12/2018 20:40 <br/>\r\nToday\'s agenda:\r\n- Local git config<br/>\r\n- [1], [2], [3]<br/>\r\n- Agree on timeline for seasons end.<br/>\r\n<br/>\r\n<hr/>\r\nThings to do:<br/>\r\nGeneral Art:<br/>\r\n<ul>\r\n<li>\r\nOne or two banners[1]\r\n</li>\r\n<li>\r\nGlobal CSS[2]\r\n</li>\r\n<li>Setting a default CSS[3]</li>\r\n<li>\r\nSite logo[4]\r\n</li>\r\n<li>\r\nsite icon[5]\r\n</li>\r\n<li>\r\nfile/mp3 icon[6]\r\n</li>\r\n</ul>\r\n\r\nSeason 1:<br/>\r\n<ul>\r\n<li>\r\nExpandable media\r\n<ul><li><strike>images</strike>[Done]</li>\r\n<li>audio[1]</li>\r\n<li><strike>video</strike>[Done]</li></ul>\r\n</li>\r\n<li>\r\n<strike>Top bar for boards</strike>[Done]\r\n</li>\r\n<li>\r\n<strike>See if BB code exists and if yes add it with an explanation(if no, season 2)</strike>[limited markup language, needs explanation]\r\n</li>\r\n<li>\r\nErrors for Webm\r\n<ul>\r\n<li><strike>video too long</strike>[90000 second videos]</li>\r\n<li>bad format[2]</li>\r\n</ul>\r\n</li>\r\n<li>\r\nImage spoilers[3]\r\n</li>\r\n<li><strike><strike>Quote links</strike>[Done], <strike>quote previewing</strike>[Done], and <strike>quote inlining.</strike>[4chanX feature(kind of replicated by tree view)]</strike>[combo done]</li>\r\n<li>\r\nMeguca-Captcha that only activates when the board gets fast[4]\r\n</li>\r\n<li>\r\nMod tools\r\n<ul><li>bump spam reversion[5]</li></ul>\r\n</li>\r\n<li>\r\n<strike>Remove forced comment in OPs</strike>[Done]\r\n</li>\r\n<li>\r\n<strike>More functionality\r\n<ul>\r\n<li>Test vichan JS presets</li>\r\n<li>Listen to new ideas</li></ul>\r\n</li></strike>[Enough for now]</ul>\r\n<hr/>\r\nSeason 2 updates:\r\n<ul>\r\n<li>More customization and optimization of layout, scripts and styles for unique board feel\r\n<ul>\r\n<li>Reposition the catalog tags</li>\r\n<li>Dynamic QR box</li>\r\n<li>URL uploading</li>\r\n<li>Remove the ugly 8chan style for superior futaba inspired style</li>\r\n<li>Post editing might be nice</li>\r\n<li>Ability to turn off cursor hover tracking</li>\r\n</ul>\r\n</li>\r\n<li>A friendly system to handle the mod tools</li>\r\n<li>BB code if not already implemented</li>\r\n</ul>\r\n<hr/>\r\nSeason 3 updates:\r\n<ul>\r\n<li>Revise effectiveness of current features</li>\r\n<li>Focus on generating activity without relying on schizos</li>\r\n<li>Small online games and fancy things like GNFOS</li>\r\n<li>Maybe some 4chanX features?</li>\r\n</ul>\r\n<hr/>','Updated 03/12/2018 20:40 <br/>\r\nToday\'s agenda:\r\n- Local git config<br/>\r\n- [1], [2], [3]<br/>\r\n- Agree on timeline for seasons end.<br/>\r\n<br/>\r\n<hr/>\r\nThings to do:<br/>\r\nGeneral Art:<br/>\r\n<ul>\r\n<li>\r\nOne or two banners[1]\r\n</li>\r\n<li>\r\nGlobal CSS[2]\r\n</li>\r\n<li>Setting a default CSS[3]</li>\r\n<li>\r\nSite logo[4]\r\n</li>\r\n<li>\r\nsite icon[5]\r\n</li>\r\n<li>\r\nfile/mp3 icon[6]\r\n</li>\r\n</ul>\r\n\r\nSeason 1:<br/>\r\n<ul>\r\n<li>\r\nExpandable media\r\n<ul><li><strike>images</strike>[Done]</li>\r\n<li>audio[1]</li>\r\n<li><strike>video</strike>[Done]</li></ul>\r\n</li>\r\n<li>\r\n<strike>Top bar for boards</strike>[Done]\r\n</li>\r\n<li>\r\n<strike>See if BB code exists and if yes add it with an explanation(if no, season 2)</strike>[limited markup language, needs explanation]\r\n</li>\r\n<li>\r\nErrors for Webm\r\n<ul>\r\n<li><strike>video too long</strike>[90000 second videos]</li>\r\n<li>bad format[2]</li>\r\n</ul>\r\n</li>\r\n<li>\r\nImage spoilers[3]\r\n</li>\r\n<li><strike><strike>Quote links</strike>[Done], <strike>quote previewing</strike>[Done], and <strike>quote inlining.</strike>[4chanX feature(kind of replicated by tree view)]</strike>[combo done]</li>\r\n<li>\r\nMeguca-Captcha that only activates when the board gets fast[4]\r\n</li>\r\n<li>\r\nMod tools\r\n<ul><li>bump spam reversion[5]</li></ul>\r\n</li>\r\n<li>\r\n<strike>Remove forced comment in OPs</strike>[Done]\r\n</li>\r\n<li>\r\n<strike>More functionality\r\n<ul>\r\n<li>Test vichan JS presets</li>\r\n<li>Listen to new ideas</li></ul>\r\n</li></strike>[Enough for now]</ul>\r\n<hr/>\r\nSeason 2 updates:\r\n<ul>\r\n<li>More customization and optimization of layout, scripts and styles for unique board feel\r\n<ul>\r\n<li>Reposition the catalog tags</li>\r\n<li>Dynamic QR box</li>\r\n<li>URL uploading</li>\r\n<li>Remove the ugly 8chan style for superior futaba inspired style</li>\r\n<li>Post editing might be nice</li>\r\n<li>Ability to turn off cursor hover tracking</li>\r\n</ul>\r\n</li>\r\n<li>A friendly system to handle the mod tools</li>\r\n<li>BB code if not already implemented</li>\r\n</ul>\r\n<hr/>\r\nSeason 3 updates:\r\n<ul>\r\n<li>Revise effectiveness of current features</li>\r\n<li>Focus on generating activity without relying on schizos</li>\r\n<li>Small online games and fancy things like GNFOS</li>\r\n<li>Maybe some 4chanX features?</li>\r\n</ul>\r\n<hr/><tinyboard raw html>1</tinyboard>',1543747995,1543900812,'[{\"name\":\"Alucard.(Hellsing).full.644410.jpg\",\"type\":\"image\\/jpeg\",\"tmp_name\":\"\\/tmp\\/phpWhfyHI\",\"error\":0,\"size\":243530,\"filename\":\"Alucard.(Hellsing).full.644410.jpg\",\"extension\":\"jpg\",\"file_id\":\"1543747995245\",\"file\":\"1543747995245.jpg\",\"thumb\":\"1543747995245.png\",\"is_an_image\":true,\"hash\":\"3e37f124251bdd8f8fdd93cf0824817a\",\"width\":800,\"height\":525,\"thumbwidth\":255,\"thumbheight\":167,\"file_path\":\"b\\/src\\/1543747995245.jpg\",\"thumb_path\":\"b\\/thumb\\/1543747995245.png\"}]',1,'3e37f124251bdd8f8fdd93cf0824817a','4qkYDx3G','24.157.164.104',1,0,1,0,NULL,'ul-li-one-or-two-banners-li-li-meguca-captcha-that-only-activates-when-the-board'),(53,52,NULL,NULL,'Anonymous',NULL,NULL,'<span class=\"quote\">&gt;Remove forced comment in OPs</span><br/>$config[\'force_body_op\'] = false;<br/><span class=\"quote\"><br/>&gt;video too long</span><br/>Is a limit needed? There is already a filesize limit.<br/><span class=\"quote\"><br/>&gt;bad format</span><br/>Some of the checks are simply broken e.g.<br/><a href=\"https://github.com/vichan-devel/vichan/blob/0aa4e3badc346aba27edbaa71da5966642ab060a/inc/lib/webm/ffmpeg.php#L31\" rel=\"nofollow\" target=\"_blank\">https://github.com/vichan-devel/vichan/blob/0aa4e3badc346aba27edbaa71da5966642ab060a/inc/lib/webm/ffmpeg.php#L31</a><br/>and we should send a fix upstream. Maybe I\'ll do it.<br/><br/>Turning on the overboard feature might be a good idea if we\'re going to have more than one board. What\'s the difference between the boards anyway?','>Remove forced comment in OPs\r\n$config[\'force_body_op\'] = false;\r\n\r\n>video too long\r\nIs a limit needed? There is already a filesize limit.\r\n\r\n>bad format\r\nSome of the checks are simply broken e.g.\r\nhttps://github.com/vichan-devel/vichan/blob/0aa4e3badc346aba27edbaa71da5966642ab060a/inc/lib/webm/ffmpeg.php#L31\r\nand we should send a fix upstream. Maybe I\'ll do it.\r\n\r\nTurning on the overboard feature might be a good idea if we\'re going to have more than one board. What\'s the difference between the boards anyway?',1543766302,1543766302,NULL,0,NULL,'cbJs7qBN','73.223.119.89',0,0,0,0,NULL,NULL),(54,52,NULL,NULL,'Anonymous',NULL,NULL,'I\'d say some other things you should try and do before releasing the final product should be having file options similar to pic related, but maybe without the multiple file option. Also a quick reply window would be nice.','I\'d say some other things you should try and do before releasing the final product should be having file options similar to pic related, but maybe without the multiple file option. Also a quick reply window would be nice.',1543777701,1543777701,'[{\"name\":\"Screenshot_2018-12-02  jp - \\u4e8c\\u6b21\\u5143\\u88cf.png\",\"type\":\"image\\/png\",\"tmp_name\":\"\\/tmp\\/phpoQoBdk\",\"error\":0,\"size\":10549,\"filename\":\"Screenshot_2018-12-02  jp - \\u4e8c\\u6b21\\u5143\\u88cf.png\",\"extension\":\"png\",\"file_id\":\"1543777701585\",\"file\":\"1543777701585.png\",\"thumb\":\"1543777701585.png\",\"is_an_image\":true,\"hash\":\"6455b9bac438f74a46851d493b80beec\",\"width\":617,\"height\":391,\"thumbwidth\":255,\"thumbheight\":162,\"file_path\":\"b\\/src\\/1543777701585.png\",\"thumb_path\":\"b\\/thumb\\/1543777701585.png\"}]',1,'6455b9bac438f74a46851d493b80beec','6T_me10G','96.235.168.29',0,0,0,0,NULL,NULL),(55,52,NULL,NULL,'Anonymous',NULL,NULL,'There needs to be a catalog on the top of the page in addition to the bottom','There needs to be a catalog on the top of the page in addition to the bottom\r\n',1543786516,1543786516,NULL,0,NULL,'4qkYDx3G','24.157.164.104',0,0,0,0,NULL,NULL),(56,52,NULL,NULL,'Anonymous',NULL,NULL,'<span class=\"quote\">&gt;Top bar for boards</span><br/>$config[\'boards\'] = array(\'b\', \'qa\');','>Top bar for boards\r\n$config[\'boards\'] = array(\'b\', \'qa\');',1543789276,1543789276,NULL,0,NULL,'R)aLp*Qy','73.223.119.89',0,0,0,0,NULL,NULL),(57,52,NULL,NULL,'Anonymous',NULL,NULL,'Quote links, quote previewing, and quote inlining.','Quote links, quote previewing, and quote inlining.',1543790041,1543790041,NULL,0,NULL,'6T_me10G','96.235.168.29',0,0,0,0,NULL,NULL),(58,52,NULL,NULL,'Anonymous',NULL,NULL,'<a onclick=\"highlightReply(\'57\', event);\" href=\"/b/res/52.html#57\">&gt;&gt;57</a><br/>Maybe make inlining optional in case people don\'t want it.','>>57\r\nMaybe make inlining optional in case people don\'t want it.',1543790224,1543790224,NULL,0,NULL,'6T_me10G','96.235.168.29',0,0,0,0,NULL,NULL),(59,52,NULL,NULL,'Anonymous',NULL,NULL,'<a onclick=\"highlightReply(\'57\', event);\" href=\"/b/res/52.html#57\">&gt;&gt;57</a> &gt;&gt;58<br/>Also please don\'t make it the kind where it follows your cursor, that\'s annoying.','>>57 >>58\r\nAlso please don\'t make it the kind where it follows your cursor, that\'s annoying.',1543790471,1543790471,NULL,0,NULL,'pissu','79.161.14.132',0,0,0,0,NULL,NULL),(60,1,NULL,NULL,'Anonymous',NULL,NULL,'[i] do these need to be added seperately? [/i]<br/>[b] do these need to be added seperately? [/b]<br/>[u] do these need to be added seperately? [/u]','[i] do these need to be added seperately? [/i]\r\n[b] do these need to be added seperately? [/b]\r\n[u] do these need to be added seperately? [/u]',1543792418,1543792418,NULL,0,NULL,'6T_me10G','72.82.233.73',0,0,0,0,NULL,NULL),(61,52,NULL,NULL,'Anonymous',NULL,NULL,'A thread watcher','A thread watcher',1543792800,1543792800,NULL,0,NULL,'6T_me10G','72.82.233.73',0,0,0,0,NULL,NULL),(62,NULL,'Finding the perfect logo',NULL,'Anonymous',NULL,NULL,'Coming up with a logo is too hard for just that one thread, we need an entirely seperate thread for /qa/\'s best minds to put their brains to work to find the best logo. That said, I don\'t even know where you\'d start.','Coming up with a logo is too hard for just that one thread, we need an entirely seperate thread for /qa/\'s best minds to put their brains to work to find the best logo. That said, I don\'t even know where you\'d start.',1543793114,1543839265,'[{\"name\":\"1532902199724.jpg\",\"type\":\"image\\/jpeg\",\"tmp_name\":\"\\/tmp\\/phptfi7Ij\",\"error\":0,\"size\":304092,\"filename\":\"1532902199724.jpg\",\"extension\":\"jpg\",\"file_id\":\"1543793114955\",\"file\":\"1543793114955.jpg\",\"thumb\":\"1543793114955.png\",\"is_an_image\":true,\"hash\":\"c5165c2480c241bdf6c8d9b9644c7ec9\",\"width\":944,\"height\":1364,\"thumbwidth\":176,\"thumbheight\":255,\"file_path\":\"b\\/src\\/1543793114955.jpg\",\"thumb_path\":\"b\\/thumb\\/1543793114955.png\"}]',1,'c5165c2480c241bdf6c8d9b9644c7ec9','6T_me10G','72.82.233.73',0,0,0,0,NULL,'finding-the-perfect-logo'),(63,52,NULL,NULL,'Verniy',NULL,NULL,'<a onclick=\"highlightReply(\'61\', event);\" href=\"/b/res/52.html#61\">&gt;&gt;61</a><br/>4chanX on vichan and tinyboard is your friend','>>61\r\n4chanX on vichan and tinyboard is your friend\r\n\r\n',1543793513,1543793513,NULL,0,NULL,'4qkYDx3G','24.157.164.104',0,0,0,0,NULL,NULL),(64,NULL,NULL,NULL,'Anonymous',NULL,NULL,'fuck kissu.moe','fuck kissu.moe',1543793889,1543795271,'[{\"name\":\"d07f09f72ed161b8eedb94f64bfc6821.jpg\",\"type\":\"image\\/jpeg\",\"tmp_name\":\"\\/tmp\\/php3hwbZF\",\"error\":0,\"size\":716712,\"filename\":\"d07f09f72ed161b8eedb94f64bfc6821.jpg\",\"extension\":\"jpg\",\"file_id\":\"1543793889125\",\"file\":\"1543793889125.jpg\",\"thumb\":\"1543793889125.png\",\"is_an_image\":true,\"hash\":\"d07f09f72ed161b8eedb94f64bfc6821\",\"width\":1357,\"height\":899,\"thumbwidth\":255,\"thumbheight\":169,\"file_path\":\"b\\/src\\/1543793889125.jpg\",\"thumb_path\":\"b\\/thumb\\/1543793889125.png\"}]',1,'d07f09f72ed161b8eedb94f64bfc6821','#P7R(nAN','195.46.20.146',0,0,0,0,NULL,'fuck-kissu-moe'),(65,62,NULL,NULL,'Anonymous',NULL,NULL,'<a onclick=\"highlightReply(\'62\', event);\" href=\"/b/res/62.html#62\">&gt;&gt;62</a><br/>Neko Mimi Mode is a decent start I think.','>>62\r\nNeko Mimi Mode is a decent start I think.',1543794428,1543794428,NULL,0,NULL,'pissu','79.161.14.132',0,0,0,0,NULL,NULL),(66,64,NULL,NULL,'Anonymous',NULL,NULL,'and steam','and steam',1543794493,1543794493,NULL,0,NULL,'9t_%VZ@a','208.101.171.246',0,0,0,0,NULL,NULL),(67,64,NULL,NULL,'Anonymous',NULL,NULL,'nyan~','nyan~',1543795271,1543795271,NULL,0,NULL,'4qkYDx3G','24.157.164.104',0,0,0,0,NULL,NULL),(68,NULL,'>/qa/',NULL,'Anonymous',NULL,NULL,'','',1543795510,1543847816,'[{\"name\":\"001a8692676bbe33bd536cbd898bd3a2.png\",\"type\":\"image\\/png\",\"tmp_name\":\"\\/tmp\\/phpQCgOUc\",\"error\":0,\"size\":784404,\"filename\":\"001a8692676bbe33bd536cbd898bd3a2.png\",\"extension\":\"png\",\"file_id\":\"1543795509885\",\"file\":\"1543795509885.png\",\"thumb\":\"1543795509885.png\",\"is_an_image\":true,\"hash\":\"deeaf3a19687e8fb01800f14ffe3064b\",\"width\":752,\"height\":813,\"thumbwidth\":236,\"thumbheight\":255,\"file_path\":\"b\\/src\\/1543795509885.png\",\"thumb_path\":\"b\\/thumb\\/1543795509885.png\"}]',1,'deeaf3a19687e8fb01800f14ffe3064b','4qkYDx3G','24.157.164.104',0,0,0,0,NULL,'qa'),(69,1,NULL,'sage','Anonymous',NULL,NULL,'','',1543795908,1543795908,'[{\"name\":\"prog.mp3\",\"type\":\"audio\\/mpeg\",\"tmp_name\":\"\\/tmp\\/phpP0n6Bi\",\"error\":0,\"size\":2942558,\"filename\":\"prog.mp3\",\"extension\":\"mp3\",\"file_id\":\"1543795908576\",\"file\":\"1543795908576.mp3\",\"thumb\":\"file\",\"is_an_image\":false,\"hash\":\"c5c9e15c4658975938f3fc3c16e80c68\",\"thumbwidth\":67,\"thumbheight\":118,\"file_path\":\"b\\/src\\/1543795908576.mp3\",\"thumb_path\":\"file\"}]',1,'c5c9e15c4658975938f3fc3c16e80c68','pissu','79.161.14.132',0,0,0,0,NULL,NULL),(70,1,NULL,NULL,'Anonymous',NULL,NULL,'<strong>strong</strong> test <strong>strong</strong>','\'\'\'strong\'\'\' test \'\'\'strong\'\'\'',1543803829,1543803829,NULL,0,NULL,'4qkYDx3G','24.157.164.104',0,0,0,0,NULL,NULL),(71,1,NULL,NULL,'Anonymous',NULL,NULL,'<strong>strong</strong>, <em>italic</em> and ==heading== from MediWiki (presumably),<br/><span class=\"spoiler\">spoiler</span> from somewhere else.<br/>[code]console.log[/code]<br/>&lt;small&gt;small&lt;/small&gt;','\'\'\'strong\'\'\', \'\'italic\'\' and ==heading== from MediWiki (presumably),\r\n**spoiler** from somewhere else.\r\n[code]console.log[/code]\r\n<small>small</small>',1543803949,1543803949,NULL,0,NULL,'4qkYDx3G','24.157.164.104',0,0,0,0,NULL,NULL),(72,52,NULL,NULL,'Anonymous',NULL,NULL,'Did some work on the video file checks.<br/><a href=\"https://github.com/ccd0/Tinyboard/tree/vichan\" rel=\"nofollow\" target=\"_blank\">https://github.com/ccd0/Tinyboard/tree/vichan</a><br/><a href=\"https://github.com/ccd0/Tinyboard/commit/5e86e6c4c621794ce4eab2167ee7e9efaa81c878\" rel=\"nofollow\" target=\"_blank\">https://github.com/ccd0/Tinyboard/commit/5e86e6c4c621794ce4eab2167ee7e9efaa81c878</a><br/>I already did some testing locally, but I was thinking we could test it out further here, and if it improves things send a pull request upstream.','Did some work on the video file checks.\r\nhttps://github.com/ccd0/Tinyboard/tree/vichan\r\nhttps://github.com/ccd0/Tinyboard/commit/5e86e6c4c621794ce4eab2167ee7e9efaa81c878\r\nI already did some testing locally, but I was thinking we could test it out further here, and if it improves things send a pull request upstream.\r\n',1543806275,1543806275,NULL,0,NULL,'jleiApIh','73.223.119.89',0,0,0,0,NULL,NULL),(78,52,NULL,NULL,'Anonymous',NULL,NULL,'Appears I accidentally deleted my message&hellip;<br/><br/>I\'ll pull it into <a href=\"https://github.com/ECHibiki/ViQa-Kissu/tree/dev\" rel=\"nofollow\" target=\"_blank\">https://github.com/ECHibiki/ViQa-Kissu/tree/dev</a> and test here tomorrow','Appears I accidentally deleted my message...\r\n\r\nI\'ll pull it into https://github.com/ECHibiki/ViQa-Kissu/tree/dev and test here tomorrow',1543812386,1543812386,NULL,0,NULL,'4qkYDx3G','24.157.164.104',0,0,0,0,NULL,NULL),(74,1,NULL,NULL,'Anonymous',NULL,NULL,'<a onclick=\"highlightReply(\'1\', event);\" href=\"/b/res/1.html#1\">&gt;&gt;1</a><br/><a onclick=\"highlightReply(\'68\', event);\" href=\"/b/res/68.html#68\">&gt;&gt;68</a>','>>1\r\n>>68',1543808964,1543808964,NULL,0,NULL,'vOMJ_Ydw','95.70.20.177',0,0,0,0,NULL,NULL),(75,62,NULL,NULL,'Anonymous',NULL,NULL,'/qa/ isn\'t really related to touhou in my opinion but that one gif with /qa/sodani kyouko was nice.','/qa/ isn\'t really related to touhou in my opinion but that one gif with /qa/sodani kyouko was nice.',1543809131,1543809131,NULL,0,NULL,'vOMJ_Ydw','95.70.20.177',0,0,0,0,NULL,NULL),(76,1,NULL,NULL,'Anonymous',NULL,NULL,'test','test',1543810015,1543810015,'[{\"name\":\"lolicatgirls_yiff_nes_swf.png\",\"type\":\"image\\/png\",\"tmp_name\":\"\\/tmp\\/phpogaSSd\",\"error\":0,\"size\":989504,\"filename\":\"lolicatgirls_yiff_nes_swf.png\",\"extension\":\"png\",\"file_id\":\"1543810015175\",\"file\":\"1543810015175.png\",\"thumb\":\"1543810015175.png\",\"is_an_image\":true,\"hash\":\"b7857a0e78966bf9d43223064a7101c9\",\"width\":551,\"height\":406,\"thumbwidth\":255,\"thumbheight\":188,\"file_path\":\"b\\/src\\/1543810015175.png\",\"thumb_path\":\"b\\/thumb\\/1543810015175.png\"}]',1,'b7857a0e78966bf9d43223064a7101c9','S6w_kgdj','174.214.13.79',0,0,0,0,NULL,NULL),(80,79,NULL,NULL,'Anonymous',NULL,NULL,'/b/oson','/b/oson',1543812595,1543812595,NULL,0,NULL,'4qkYDx3G','24.157.164.104',0,0,0,0,NULL,NULL),(81,1,NULL,NULL,'Anonymous',NULL,NULL,'&lt;i&gt;test&lt;/i&gt;<br/>[i]test[/i]<br/>&lt;italics&gt;test&lt;/italics&gt;<br/>[italics]test[/italics]<br/>&lt;italic&gt;test&lt;/italic&gt;<br/>[italic]test[/italic]','<i>test</i>\r\n[i]test[/i]\r\n<italics>test</italics>\r\n[italics]test[/italics]\r\n<italic>test</italic>\r\n[italic]test[/italic]',1543812916,1543812916,NULL,0,NULL,'6T_me10G','72.82.233.73',0,0,0,0,NULL,NULL),(82,1,NULL,NULL,'Anonymous',NULL,NULL,'[em]test[/em]<br/>&lt;em&gt;test&lt;/em&gt;','[em]test[/em]\r\n<em>test</em>',1543813048,1543813048,NULL,0,NULL,'6T_me10G','72.82.233.73',0,0,0,0,NULL,NULL),(89,1,NULL,NULL,'Anonymous',NULL,NULL,'I mean **<br/><span class=\"spoiler\">spoil</span>','I mean **\r\n**spoil**',1543819683,1543819683,NULL,0,NULL,'4qkYDx3G','24.157.164.104',0,0,0,0,NULL,NULL),(88,1,NULL,NULL,'Anonymous',NULL,NULL,'<a onclick=\"highlightReply(\'81\', event);\" href=\"/b/res/1.html#81\">&gt;&gt;81</a><br/><a onclick=\"highlightReply(\'82\', event);\" href=\"/b/res/1.html#82\">&gt;&gt;82</a><br/>You have to use markup syntax<br/>words surounded with<br/>\'\'\'<br/>\'\'<br/>*<br/><strong> bold </strong><br/><em>it </em><br/>*spoil*','>>81\r\n>>82\r\nYou have to use markup syntax\r\nwords surounded with\r\n\'\'\'\r\n\'\'\r\n*\r\n\'\'\' bold \'\'\'\r\n\'\'it \'\'\r\n*spoil*',1543819646,1543819646,NULL,0,NULL,'4qkYDx3G','24.157.164.104',0,0,0,0,NULL,NULL),(90,52,NULL,NULL,'Anonymous',NULL,NULL,'<a href=\"http://kissu.moe/static/file.png\" rel=\"nofollow\" target=\"_blank\">http://kissu.moe/static/file.png</a><br/>file image could stand to be cuter<br/>what image dimensions do we want for the banners? I can get to work on them ASAP once we decide on that','http://kissu.moe/static/file.png\r\nfile image could stand to be cuter\r\nwhat image dimensions do we want for the banners? I can get to work on them ASAP once we decide on that',1543819771,1543819771,NULL,0,NULL,'','72.213.154.114',0,0,0,0,NULL,NULL),(91,1,NULL,NULL,'','!/qa/MOdN0w',NULL,'','',1543820942,1543820942,'[{\"name\":\"z_stage_metal_lower.webm\",\"type\":\"video\\/webm\",\"tmp_name\":\"\\/tmp\\/phpk7A9Ay\",\"error\":0,\"size\":18202432,\"filename\":\"z_stage_metal_lower.webm\",\"extension\":\"webm\",\"file_id\":\"1543820941849\",\"file\":\"1543820941849.webm\",\"thumb\":\"1543820941849.jpg\",\"is_an_image\":false,\"hash\":\"cb3cd12576c3767fa82bacfd7b037e04\",\"thumbwidth\":255,\"thumbheight\":143,\"file_path\":\"b\\/src\\/1543820941849.webm\",\"thumb_path\":\"file\",\"width\":1280,\"height\":720}]',1,'cb3cd12576c3767fa82bacfd7b037e04','','64.251.150.126',0,0,0,0,NULL,NULL),(92,4,NULL,'sage','Anonymous',NULL,NULL,'','',1543822428,1543822428,'[{\"name\":\"9c05e73b2d662230102d2f78912f35bb.mp4\",\"type\":\"video\\/mp4\",\"tmp_name\":\"\\/tmp\\/phpVi5GjK\",\"error\":0,\"size\":2402090,\"filename\":\"9c05e73b2d662230102d2f78912f35bb.mp4\",\"extension\":\"mp4\",\"file_id\":\"1543822428390\",\"file\":\"1543822428390.mp4\",\"thumb\":\"1543822428390.jpg\",\"is_an_image\":false,\"hash\":\"9c05e73b2d662230102d2f78912f35bb\",\"thumbwidth\":255,\"thumbheight\":143,\"file_path\":\"b\\/src\\/1543822428390.mp4\",\"thumb_path\":\"file\",\"width\":1280,\"height\":720}]',1,'9c05e73b2d662230102d2f78912f35bb','4qkYDx3G','24.157.164.104',0,0,0,0,NULL,NULL),(93,1,NULL,NULL,'Anonymous',NULL,NULL,'<a onclick=\"highlightReply(\'88\', event);\" href=\"/b/res/1.html#88\">&gt;&gt;88</a><br/>Ok, time for me to test if I\'m retarded.<br/><strong>bold</strong><br/>\"italic\"<br/><span class=\"spoiler\">spoil</span>','>>88\r\nOk, time for me to test if I\'m retarded.\r\n\'\'\'bold\'\'\'\r\n\"italic\"\r\n**spoil**',1543822752,1543822752,NULL,0,NULL,'6T_me10Gd','72.82.233.171',0,0,0,0,NULL,NULL),(94,1,NULL,NULL,'Anonymous',NULL,NULL,'<a onclick=\"highlightReply(\'93\', event);\" href=\"/b/res/1.html#93\">&gt;&gt;93</a><br/><em>oh well, at least it\'s simple</em>','>>93\r\n\'\'oh well, at least it\'s simple\'\'',1543822815,1543822815,NULL,0,NULL,'6T_me10Gd','72.82.233.171',0,0,0,0,NULL,NULL),(95,1,NULL,NULL,'Anonymous',NULL,NULL,'<span class=\"heading\">test</span>','==test==',1543822854,1543822854,NULL,0,NULL,'6T_me10Gd','72.82.233.171',0,0,0,0,NULL,NULL),(96,1,NULL,NULL,'Anonymous',NULL,NULL,'<a onclick=\"highlightReply(\'95\', event);\" href=\"/b/res/1.html#95\">&gt;&gt;95</a><br/><em>What\'s that markup tag?</em>','>>95\r\n\'\'What\'s that markup tag?\'\'',1543823908,1543823908,NULL,0,NULL,'4qkYDx3G','24.157.164.104',0,0,0,0,NULL,NULL),(97,1,NULL,NULL,'Anonymous',NULL,NULL,'<a onclick=\"highlightReply(\'91\', event);\" href=\"/b/res/1.html#91\">&gt;&gt;91</a><br/>Looks like a nice discoteque.','>>91\r\nLooks like a nice discoteque.',1543825135,1543825135,NULL,0,NULL,'vOMJ_Ydw','95.70.20.177',0,0,0,0,NULL,NULL),(98,62,NULL,NULL,'Anonymous',NULL,NULL,'Throw ideas into a hat and we\'ll draw one. Kissu is run by RNG','Throw ideas into a hat and we\'ll draw one. Kissu is run by RNG',1543839265,1543839265,NULL,0,NULL,'k6+2TjX2','24.157.164.104',0,0,0,0,NULL,NULL),(99,NULL,NULL,NULL,'Anonymous',NULL,NULL,'What\'s your favorite preset CSS on the site?','What\'s your favorite preset CSS on the site?\r\n',1543839834,1543843819,'[{\"name\":\"beb45fdc658cc73d6c125b55e9e8ee1f.jpg\",\"type\":\"image\\/jpeg\",\"tmp_name\":\"\\/tmp\\/phpEZEhgk\",\"error\":0,\"size\":1972779,\"filename\":\"beb45fdc658cc73d6c125b55e9e8ee1f.jpg\",\"extension\":\"jpg\",\"file_id\":\"1543839834442\",\"file\":\"1543839834442.jpg\",\"thumb\":\"1543839834442.png\",\"is_an_image\":true,\"hash\":\"beb45fdc658cc73d6c125b55e9e8ee1f\",\"width\":3000,\"height\":5333,\"thumbwidth\":143,\"thumbheight\":255,\"file_path\":\"b\\/src\\/1543839834442.jpg\",\"thumb_path\":\"b\\/thumb\\/1543839834442.png\"}]',1,'beb45fdc658cc73d6c125b55e9e8ee1f','k6+2TjX2','24.157.164.104',0,0,0,0,NULL,'what-s-your-favorite-preset-css-on-the-site'),(100,1,NULL,NULL,'Anonymous',NULL,NULL,'<a onclick=\"highlightReply(\'96\', event);\" href=\"/b/res/1.html#96\">&gt;&gt;96</a><br/>==','>>96\r\n==',1543843683,1543843683,NULL,0,NULL,'6T_me10Gd','72.82.233.171',0,0,0,0,NULL,NULL),(101,52,NULL,NULL,'Anonymous',NULL,NULL,'A thread updater would be nice. Also maybe a way to quickly open up the QR box, like pressing Q or similar. Though I\'m not sure if you want to do that or wait for 4chanX integration to do it first.','A thread updater would be nice. Also maybe a way to quickly open up the QR box, like pressing Q or similar. Though I\'m not sure if you want to do that or wait for 4chanX integration to do it first.',1543843784,1543843784,NULL,0,NULL,'6T_me10Gd','72.82.233.171',0,0,0,0,NULL,NULL),(102,99,NULL,NULL,'Anonymous',NULL,NULL,'Personally I\'m a fan of plain old \'Dark\'','Personally I\'m a fan of plain old \'Dark\'',1543843819,1543843819,NULL,0,NULL,'6T_me10Gd','72.82.233.171',0,0,0,0,NULL,NULL),(103,52,NULL,NULL,'Anonymous',NULL,NULL,'<a onclick=\"highlightReply(\'101\', event);\" href=\"/b/res/52.html#101\">&gt;&gt;101</a><br/>Work on the 4chan X side is probably going to be focused on stuff that doesn\'t involve generating the HTML of whole posts for now, because that prerequisite code hasn\'t been written yet for 4chan X on Tinyboard/vichan. Plus I believe the updater has already been written on vichan\'s end; it just needs to be enabled. And to get an updater working from the 4chan X end we would need to figure out how to handle the sites that have an updater enabled which you can\'t turn off easily.','>>101\r\nWork on the 4chan X side is probably going to be focused on stuff that doesn\'t involve generating the HTML of whole posts for now, because that prerequisite code hasn\'t been written yet for 4chan X on Tinyboard/vichan. Plus I believe the updater has already been written on vichan\'s end; it just needs to be enabled. And to get an updater working from the 4chan X end we would need to figure out how to handle the sites that have an updater enabled which you can\'t turn off easily.\r\n',1543845448,1543845448,NULL,0,NULL,'m!oc%Qb7','73.223.119.89',0,0,0,0,NULL,NULL),(104,3,NULL,'nokosage','Anonymous',NULL,NULL,'boson','boson',1543847763,1543847763,NULL,0,NULL,'6T_me10Gd','72.82.233.171',0,0,0,0,NULL,NULL),(105,68,NULL,'noko%20sage','Anonymous',NULL,NULL,'Is she wearing anything underneath&hellip;','Is she wearing anything underneath...',1543847816,1543847816,NULL,0,NULL,'6T_me10Gd','72.82.233.171',0,0,0,0,NULL,NULL),(106,30,NULL,'sage','Anonymous',NULL,NULL,'sage?','sage?',1543847835,1543847835,NULL,0,NULL,'6T_me10Gd','72.82.233.171',0,0,0,0,NULL,NULL),(107,52,NULL,NULL,'Anonymous',NULL,NULL,'Regarding this git stuff, it might be easier to have one local copy of the repo for development work which you\'d keep clean and another local copy for the website. And then you\'d pull changes from the clean development repo to the dirty website repo but generally not vice versa.<br/><br/>And there should be separate branches for stuff we might send upstream or that might be useful on other sites versus customization specific to kissu.moe. vichan isn\'t very active lately but they seem to accept pull requests. We can fork and create our own upstream if they stop taking pull requests or if they disagree with too many of our proposed changes.<br/><br/>We should also try to minimize potential merge conflicts between upstream (or an upstream we create) and the kissu.moe-specific branch. So for example, we\'d want to make sure configuration changes are in inc/instance-config.php as recommended and not in inc/config.php which might change upstream triggering a manual merge if we pull the changes. Perhaps we could add an inc/secrets.php file so we could publish our site configuration without publishing salts and passwords, sort of like how 8chan does:<br/><a href=\"https://github.com/OpenIB/OpenIB/blob/c0a94dd5d6bcb5ba5af82b2430ad69378adc90ab/inc/instance-config.php#L253\" rel=\"nofollow\" target=\"_blank\">https://github.com/OpenIB/OpenIB/blob/c0a94dd5d6bcb5ba5af82b2430ad69378adc90ab/inc/instance-config.php#L253</a><br/>And for another example, if we replace static/file.png as <a onclick=\"highlightReply(\'90\', event);\" href=\"/b/res/52.html#90\">&gt;&gt;90</a> suggested, instead of overwriting static/file.png we could create a static/kissu-file.png and add<br/>$config[\'file_icons\'][\'default\'] = \'kissu-file.png\';<br/>to inc/instance-config.php. That way if somebody changes static/file.png upstream, we don\'t have to manually resolve the merge.','Regarding this git stuff, it might be easier to have one local copy of the repo for development work which you\'d keep clean and another local copy for the website. And then you\'d pull changes from the clean development repo to the dirty website repo but generally not vice versa.\r\n\r\nAnd there should be separate branches for stuff we might send upstream or that might be useful on other sites versus customization specific to kissu.moe. vichan isn\'t very active lately but they seem to accept pull requests. We can fork and create our own upstream if they stop taking pull requests or if they disagree with too many of our proposed changes.\r\n\r\nWe should also try to minimize potential merge conflicts between upstream (or an upstream we create) and the kissu.moe-specific branch. So for example, we\'d want to make sure configuration changes are in inc/instance-config.php as recommended and not in inc/config.php which might change upstream triggering a manual merge if we pull the changes. Perhaps we could add an inc/secrets.php file so we could publish our site configuration without publishing salts and passwords, sort of like how 8chan does:\r\nhttps://github.com/OpenIB/OpenIB/blob/c0a94dd5d6bcb5ba5af82b2430ad69378adc90ab/inc/instance-config.php#L253\r\nAnd for another example, if we replace static/file.png as >>90 suggested, instead of overwriting static/file.png we could create a static/kissu-file.png and add\r\n$config[\'file_icons\'][\'default\'] = \'kissu-file.png\';\r\nto inc/instance-config.php. That way if somebody changes static/file.png upstream, we don\'t have to manually resolve the merge.\r\n',1543848936,1543848936,NULL,0,NULL,'hwE+OOes','73.223.119.89',0,0,0,0,NULL,NULL),(108,4,NULL,NULL,'Anonymous',NULL,NULL,'ï½·ï¾€â”â”â”(ï¾Ÿâˆ€ï¾Ÿ)â”â”â”!!','ï½·ï¾€â”â”â”(ï¾Ÿâˆ€ï¾Ÿ)â”â”â”!!',1543856208,1543856208,'[{\"name\":\"70873448_p0.png\",\"type\":\"image\\/png\",\"tmp_name\":\"\\/tmp\\/phpHS9j5z\",\"error\":0,\"size\":1076137,\"filename\":\"70873448_p0.png\",\"extension\":\"png\",\"file_id\":\"1543856207949\",\"file\":\"1543856207949.png\",\"thumb\":\"1543856207949.png\",\"is_an_image\":true,\"hash\":\"c8ddfec4451b98255aa011e1b7399b4a\",\"width\":925,\"height\":1346,\"thumbwidth\":175,\"thumbheight\":255,\"file_path\":\"b\\/src\\/1543856207949.png\",\"thumb_path\":\"b\\/thumb\\/1543856207949.png\"}]',1,'c8ddfec4451b98255aa011e1b7399b4a','6T_me10Gd','72.82.233.171',0,0,0,0,NULL,NULL),(109,1,NULL,NULL,'Anonymous',NULL,NULL,'<br/><a onclick=\"highlightReply(\'100\', event);\" href=\"/b/res/1.html#100\">&gt;&gt;100</a><br/>strange&hellip; did that here &gt;&gt;&gt;71','\r\n>>100\r\nstrange... did that here >>>71',1543860666,1543860666,NULL,0,NULL,'k6+2TjX2','24.157.164.104',0,0,0,0,NULL,NULL),(110,1,NULL,NULL,'Anonymous',NULL,NULL,'<a onclick=\"highlightReply(\'109\', event);\" href=\"/b/res/1.html#109\">&gt;&gt;109</a><br/>yeah that is odd, i\'ll try again just to ==make sure==<br/><span class=\"heading\">if that doesn\'t work then maybe it only applies to new lines?</span>','>>109\r\nyeah that is odd, i\'ll try again just to ==make sure==\r\n==if that doesn\'t work then maybe it only applies to new lines?==',1543862400,1543862400,NULL,0,NULL,'6T_me10Gd','72.82.233.171',0,0,0,0,NULL,NULL),(111,1,NULL,NULL,'','!sitEAdmInE',NULL,'<span class=\"heading\">test</span>','==test==',1543862696,1543862696,NULL,0,NULL,'q!F(UKT4','64.251.150.126',0,0,0,0,NULL,NULL),(112,52,'','','Anonymous',NULL,NULL,'<a onclick=\"highlightReply(\'107\', event);\" href=\"/b/res/52.html#107\">&gt;&gt;107</a><br/>yeah. Was thinking of running git through local and server repos. <br/>The secrets.php file is a good idea as well. <br/><br/>I haven\'t touched the code too much as yet(finishing some other things), but tonight I should be starting that since I\'ve done everything possible with the vichan\'s prebuilt scripts','>>107\r\nyeah. Was thinking of running git through local and server repos. \r\nThe secrets.php file is a good idea as well. \r\n\r\nI haven\'t touched the code too much as yet(finishing some other things), but tonight I should be starting that since I\'ve done everything possible with the vichan\'s prebuilt scripts',1543862964,1543862964,NULL,0,NULL,'k6+2TjX2','24.157.164.104',0,0,0,0,NULL,NULL),(113,4,NULL,NULL,'Anonymous',NULL,NULL,'','',1543871032,1543871032,'[{\"name\":\"__alice_margatroid_touhou_drawn_by_roki_hirokix__39dba2b296049d1bc881c8870c54df65.png\",\"type\":\"image\\/png\",\"tmp_name\":\"\\/tmp\\/phpBIepNC\",\"error\":0,\"size\":1037734,\"filename\":\"__alice_margatroid_touhou_drawn_by_roki_hirokix__39dba2b296049d1bc881c8870c54df65.png\",\"extension\":\"png\",\"file_id\":\"1543871032352\",\"file\":\"1543871032352.png\",\"thumb\":\"1543871032352.png\",\"is_an_image\":true,\"hash\":\"39dba2b296049d1bc881c8870c54df65\",\"width\":1137,\"height\":1600,\"thumbwidth\":181,\"thumbheight\":255,\"file_path\":\"b\\/src\\/1543871032352.png\",\"thumb_path\":\"b\\/thumb\\/1543871032352.png\"}]',1,'39dba2b296049d1bc881c8870c54df65','Cx9!W)*w','174.200.7.3',0,0,0,0,NULL,NULL),(114,52,NULL,NULL,'Anonymous',NULL,NULL,'Hopefully they aren\'t too hard to find, but spoiler tags would be a neat feature. Maybe setting it up to have two tags, one for spoiler and one for NSFW, in the future as well. Not that people would be compelled to use them, but if they\'re posting something gross and want to be polite about it that\'d be a nice addition.','Hopefully they aren\'t too hard to find, but spoiler tags would be a neat feature. Maybe setting it up to have two tags, one for spoiler and one for NSFW, in the future as well. Not that people would be compelled to use them, but if they\'re posting something gross and want to be polite about it that\'d be a nice addition.',1543871742,1543871742,NULL,0,NULL,'e)DIhtlb','174.200.7.3',0,0,0,0,NULL,NULL),(115,NULL,'/b/ - burg',NULL,'Anonymous',NULL,NULL,'','',1543871838,1543887954,'[{\"name\":\"1400971070451.jpg\",\"type\":\"image\\/jpeg\",\"tmp_name\":\"\\/tmp\\/phpefqNDY\",\"error\":0,\"size\":150734,\"filename\":\"1400971070451.jpg\",\"extension\":\"jpg\",\"file_id\":\"1543871838441\",\"file\":\"1543871838441.jpg\",\"thumb\":\"1543871838441.png\",\"is_an_image\":true,\"hash\":\"343d1b02ca41dd2fc6166541a489714d\",\"width\":800,\"height\":600,\"thumbwidth\":255,\"thumbheight\":191,\"file_path\":\"b\\/src\\/1543871838441.jpg\",\"thumb_path\":\"b\\/thumb\\/1543871838441.png\"}]',1,'343d1b02ca41dd2fc6166541a489714d','e)DIhtlb','174.200.7.3',0,0,0,0,NULL,'b-burg'),(116,52,NULL,NULL,'Anonymous',NULL,NULL,'Might consider the art/style design to be something that gets done after the UI concerns have been worked out and we\'re into making it public<br/><br/><a onclick=\"highlightReply(\'114\', event);\" href=\"/b/res/52.html#114\">&gt;&gt;114</a><br/>yeah. I think that\'s an easy preset.','Might consider the art/style design to be something that gets done after the UI concerns have been worked out and we\'re into making it public\r\n\r\n>>114\r\nyeah. I think that\'s an easy preset.',1543876512,1543876512,NULL,0,NULL,'k6+2TjX2','132.205.230.7',0,0,0,0,NULL,NULL),(117,115,NULL,NULL,'Anonymous',NULL,NULL,'The /b/read girls','The /b/read girls',1543887954,1543887954,'[{\"name\":\"a820b000ec8eec3dc928438d57abd37b.jpg\",\"type\":\"image\\/jpeg\",\"tmp_name\":\"\\/tmp\\/phpaRPFNb\",\"error\":0,\"size\":1162974,\"filename\":\"a820b000ec8eec3dc928438d57abd37b.jpg\",\"extension\":\"jpg\",\"file_id\":\"1543887954371\",\"file\":\"1543887954371.jpg\",\"thumb\":\"1543887954371.png\",\"is_an_image\":true,\"hash\":\"a820b000ec8eec3dc928438d57abd37b\",\"width\":843,\"height\":1000,\"thumbwidth\":215,\"thumbheight\":254,\"file_path\":\"b\\/src\\/1543887954371.jpg\",\"thumb_path\":\"b\\/thumb\\/1543887954371.png\"}]',1,'a820b000ec8eec3dc928438d57abd37b','4qkYDx3G','24.157.164.104',0,0,0,0,NULL,NULL),(118,1,NULL,NULL,'Anonymous',NULL,NULL,'<a onclick=\"highlightReply(\'111\', event);\" href=\"/b/res/1.html#111\">&gt;&gt;111</a><br/>[code]console.log(\'test\')[/code]','>>111\r\n[code]console.log(\'test\')[/code]',1543888251,1543888251,NULL,0,NULL,'4qkYDx3G','24.157.164.104',0,0,0,0,NULL,NULL),(120,4,NULL,'sage','Anonymous',NULL,NULL,'think we need a designated NSFW board','think we need a designated NSFW board',1543890537,1543890537,'[{\"name\":\"efa67c2c88eb7c830a0b0eccb44aeb68.jpg\",\"type\":\"image\\/jpeg\",\"tmp_name\":\"\\/tmp\\/phpP8Cvsd\",\"error\":0,\"size\":1014906,\"filename\":\"efa67c2c88eb7c830a0b0eccb44aeb68.jpg\",\"extension\":\"jpg\",\"file_id\":\"1543890537042\",\"file\":\"1543890537042.jpg\",\"thumb\":\"1543890537042.png\",\"is_an_image\":true,\"hash\":\"d99dd4158c9bbb864d03b23934e79a11\",\"width\":2220,\"height\":2504,\"thumbwidth\":226,\"thumbheight\":255,\"file_path\":\"b\\/src\\/1543890537042.jpg\",\"thumb_path\":\"b\\/thumb\\/1543890537042.png\"}]',1,'d99dd4158c9bbb864d03b23934e79a11','4qkYDx3G','24.157.164.104',0,0,0,0,NULL,NULL),(121,1,NULL,NULL,'Anonymous',NULL,NULL,'<a onclick=\"highlightReply(\'118\', event);\" href=\"/b/res/1.html#118\">&gt;&gt;118</a><br/>[code]how odd[/code]<br/>~~how odd~~<br/>__how odd__','>>118\r\n[code]how odd[/code]\r\n~~how odd~~\r\n__how odd__',1543890538,1543890538,NULL,0,NULL,'6T_me10Gd','72.82.233.171',0,0,0,0,NULL,NULL),(122,4,NULL,'sage','Anonymous',NULL,NULL,'','',1543890779,1543890779,'[{\"name\":\"a5fd05aa0cd13d0027afd1f5872bb92e.png\",\"type\":\"image\\/png\",\"tmp_name\":\"\\/tmp\\/phpJa7GcC\",\"error\":0,\"size\":743526,\"filename\":\"a5fd05aa0cd13d0027afd1f5872bb92e.png\",\"extension\":\"png\",\"file_id\":\"1543890779246\",\"file\":\"1543890779246.png\",\"thumb\":\"1543890779246.png\",\"is_an_image\":true,\"hash\":\"a5fd05aa0cd13d0027afd1f5872bb92e\",\"width\":635,\"height\":900,\"thumbwidth\":180,\"thumbheight\":255,\"file_path\":\"b\\/src\\/1543890779246.png\",\"thumb_path\":\"b\\/thumb\\/1543890779246.png\"}]',1,'a5fd05aa0cd13d0027afd1f5872bb92e','4qkYDx3G','24.157.164.104',0,0,0,0,NULL,NULL),(123,1,NULL,NULL,'Anonymous',NULL,NULL,'<a onclick=\"highlightReply(\'121\', event);\" href=\"/b/res/1.html#121\">&gt;&gt;121</a><br/>Most of the added JS is rips from 8chanX or 8chan so vichan\'s main repo could use a bit of updating','>>121\r\nMost of the added JS is rips from 8chanX or 8chan so vichan\'s main repo could use a bit of updating',1543890843,1543890843,NULL,0,NULL,'4qkYDx3G','24.157.164.104',0,0,0,0,NULL,NULL),(124,99,NULL,'sage','Anonymous',NULL,NULL,'same','same',1543891036,1543891036,NULL,0,NULL,'vOMJ_Ydw','95.70.20.177',0,0,0,0,NULL,NULL),(125,4,NULL,NULL,'Anonymous',NULL,NULL,'<a onclick=\"highlightReply(\'120\', event);\" href=\"/b/res/4.html#120\">&gt;&gt;120</a><br/>I think this one works just fine. We could just keep most of the smut posting here, unless you mean an actual board dedicated to NSFW image dumps.','>>120\r\nI think this one works just fine. We could just keep most of the smut posting here, unless you mean an actual board dedicated to NSFW image dumps.',1543891348,1543891348,'[{\"name\":\"__kochiya_sanae_touhou_drawn_by_roki_hirokix__b08f8a3b46b79750f4200b6e5f315c97.png\",\"type\":\"image\\/png\",\"tmp_name\":\"\\/tmp\\/phpnHdloF\",\"error\":0,\"size\":1721839,\"filename\":\"__kochiya_sanae_touhou_drawn_by_roki_hirokix__b08f8a3b46b79750f4200b6e5f315c97.png\",\"extension\":\"png\",\"file_id\":\"1543891348437\",\"file\":\"1543891348437.png\",\"thumb\":\"1543891348437.png\",\"is_an_image\":true,\"hash\":\"b08f8a3b46b79750f4200b6e5f315c97\",\"width\":1032,\"height\":1530,\"thumbwidth\":172,\"thumbheight\":255,\"file_path\":\"b\\/src\\/1543891348437.png\",\"thumb_path\":\"b\\/thumb\\/1543891348437.png\"}]',1,'b08f8a3b46b79750f4200b6e5f315c97','6T_me10Gd','72.82.233.171',0,0,0,0,NULL,NULL),(126,52,NULL,NULL,'Anonymous',NULL,NULL,'A non-static quick reply box would be nice, if not a priority. Being able to move around where it\'s placed while increasing/decreasing it\'s size is a very nice feature of 4chan\'s quick reply box.','A non-static quick reply box would be nice, if not a priority. Being able to move around where it\'s placed while increasing/decreasing it\'s size is a very nice feature of 4chan\'s quick reply box. ',1543892171,1543892171,NULL,0,NULL,'6T_me10Gd','72.82.233.171',0,0,0,0,NULL,NULL),(127,4,NULL,NULL,'Anonymous',NULL,NULL,'Nice, working perfectly.','Nice, working perfectly.',1543892927,1543892927,'[{\"name\":\"__alice_margatroid_touhou_drawn_by_roki_hirokix__11647b9ee22c291fff480799b68d7e1a.png\",\"type\":\"image\\/png\",\"tmp_name\":\"\\/tmp\\/phpUHYPBO\",\"error\":0,\"size\":896961,\"filename\":\"__alice_margatroid_touhou_drawn_by_roki_hirokix__11647b9ee22c291fff480799b68d7e1a.png\",\"extension\":\"png\",\"file_id\":\"1543892927164\",\"file\":\"1543892927164.png\",\"thumb\":\"1543892927164.png\",\"is_an_image\":true,\"hash\":\"11647b9ee22c291fff480799b68d7e1a\",\"width\":799,\"height\":1200,\"thumbwidth\":170,\"thumbheight\":255,\"file_path\":\"b\\/src\\/1543892927164.png\",\"thumb_path\":\"b\\/thumb\\/1543892927164.png\"}]',1,'11647b9ee22c291fff480799b68d7e1a','6T_me10Gd','72.82.233.171',0,0,0,0,NULL,NULL),(128,52,NULL,NULL,'Anonymous',NULL,NULL,'This 8chan UI is ultra lame&hellip; we need to lend more from 4chan in the next session on redesign and customization of features.<br/><br/><a onclick=\"highlightReply(\'114\', event);\" href=\"/b/res/52.html#114\">&gt;&gt;114</a><br/>Doesn\'t look like it\'ll be easy, but I\'ll try to get it added tonight if possible. Having two types of spoilers seems like we\'re getting towards bloated UI. <br/><br/><a onclick=\"highlightReply(\'126\', event);\" href=\"/b/res/52.html#126\">&gt;&gt;126</a><br/>Yeah. I\'d like to see the standard post box redesigned as well as enhance the QR box.','This 8chan UI is ultra lame... we need to lend more from 4chan in the next session on redesign and customization of features.\r\n\r\n>>114\r\nDoesn\'t look like it\'ll be easy, but I\'ll try to get it added tonight if possible. Having two types of spoilers seems like we\'re getting towards bloated UI. \r\n\r\n>>126\r\nYeah. I\'d like to see the standard post box redesigned as well as enhance the QR box.\r\n',1543893435,1543893435,NULL,0,NULL,'4qkYDx3G','24.157.164.104',0,0,0,0,NULL,NULL),(129,52,NULL,NULL,'Anonymous',NULL,NULL,'<span class=\"quote\">&gt;Post editing might be nice</span><br/>I disagree with this. Allow people to delete their posts and make revisions, but do not allow them to edit posts. I feel it\'s a terrible idea that could have huge unforeseen consequences in the future.','>Post editing might be nice\r\nI disagree with this. Allow people to delete their posts and make revisions, but do not allow them to edit posts. I feel it\'s a terrible idea that could have huge unforeseen consequences in the future.',1543893858,1543893858,NULL,0,NULL,'6T_me10Gd','72.82.233.171',0,0,0,0,NULL,NULL),(130,52,NULL,NULL,'Anonymous',NULL,NULL,'<a onclick=\"highlightReply(\'129\', event);\" href=\"/b/res/52.html#129\">&gt;&gt;129</a><br/>The consequences are really unforeseen if you don\'t say what they are','>>129\r\nThe consequences are really unforeseen if you don\'t say what they are',1543894080,1543894080,NULL,0,NULL,'4qkYDx3G','24.157.164.104',0,0,0,0,NULL,NULL),(131,52,NULL,NULL,'Anonymous',NULL,NULL,'<a onclick=\"highlightReply(\'130\', event);\" href=\"/b/res/52.html#130\">&gt;&gt;130</a><br/>For instance, I can\'t really think about what the positives would be aside from editing grammar. In which case just delete your post and redo it if you make that many fuck-ups. If people are allowed to edit their posts, I can see it being used in ways such as changing their original arguments slightly or in major ways to better suit them. It could also be used to cause all sorts of problems, such as fishing for a certain response, and then once you get that response edit your post to make the other person look like a jackass. It could also probably be used in ways to stealthily communicate links to CP, or hand out other things then edit out what they put in later. Or it could just be abused to allow people to be assholes in general.<br/><br/>Also I feel it sort of goes against the spirit of imageboards a little. You say what you say and it\'s here until you delete it, a mod deletes it, or the thread 404s/archives. Editing is better suited for platforms in which your words last forever.','>>130\r\nFor instance, I can\'t really think about what the positives would be aside from editing grammar. In which case just delete your post and redo it if you make that many fuck-ups. If people are allowed to edit their posts, I can see it being used in ways such as changing their original arguments slightly or in major ways to better suit them. It could also be used to cause all sorts of problems, such as fishing for a certain response, and then once you get that response edit your post to make the other person look like a jackass. It could also probably be used in ways to stealthily communicate links to CP, or hand out other things then edit out what they put in later. Or it could just be abused to allow people to be assholes in general.\r\n\r\nAlso I feel it sort of goes against the spirit of imageboards a little. You say what you say and it\'s here until you delete it, a mod deletes it, or the thread 404s/archives. Editing is better suited for platforms in which your words last forever.',1543894601,1543894601,NULL,0,NULL,'6T_me10Gd','72.82.233.171',0,0,0,0,NULL,NULL),(132,52,NULL,NULL,'Anonymous',NULL,NULL,'<a onclick=\"highlightReply(\'131\', event);\" href=\"/b/res/52.html#131\">&gt;&gt;131</a><br/><span class=\"quote\">&gt;Editing is better suited for platforms in which your words last forever.</span><br/>Or account-based systems. In which what you say reflects on you since people can trace the words back to you. When you\'re anonymous that shouldn\'t be something you need to worry about, or even consider because you\'re anonymous. Even if one adopts a trip that\'s their choice to be tied to said trip, so whatever they say they should be prepared to stick with it. And if you do happen to change your mind on something later, be it in a conversation or whole other thread, then just admit to having changed your mind.','>>131\r\n>Editing is better suited for platforms in which your words last forever.\r\nOr account-based systems. In which what you say reflects on you since people can trace the words back to you. When you\'re anonymous that shouldn\'t be something you need to worry about, or even consider because you\'re anonymous. Even if one adopts a trip that\'s their choice to be tied to said trip, so whatever they say they should be prepared to stick with it. And if you do happen to change your mind on something later, be it in a conversation or whole other thread, then just admit to having changed your mind.',1543894804,1543894804,NULL,0,NULL,'6T_me10Gd','72.82.233.171',0,0,0,0,NULL,NULL),(133,52,NULL,NULL,'Anonymous',NULL,NULL,'This may be something you\'re already planning to address, but those two commits pushed to the git repository are so full of garbage (files like b/index.rss that clearly don\'t belong in the repo, files inexplicably deleted, etc.) that I urge backing them out entirely. Not just reverting, but removing the commits and force pushing. Please replace them with new commits where the only changes are the changes you intended to make.','This may be something you\'re already planning to address, but those two commits pushed to the git repository are so full of garbage (files like b/index.rss that clearly don\'t belong in the repo, files inexplicably deleted, etc.) that I urge backing them out entirely. Not just reverting, but removing the commits and force pushing. Please replace them with new commits where the only changes are the changes you intended to make.\r\n',1543895255,1543895255,NULL,0,NULL,'*_0r+ArE','73.223.119.89',0,0,0,0,NULL,NULL),(134,52,NULL,NULL,'Anonymous',NULL,NULL,'<a onclick=\"highlightReply(\'133\', event);\" href=\"/b/res/52.html#133\">&gt;&gt;133</a><br/>yeah, I\'m trying to get things set up properly on both ends.<br/><br/><a onclick=\"highlightReply(\'131\', event);\" href=\"/b/res/52.html#131\">&gt;&gt;131</a><br/>If a town has lots of car thiefs do you stop driving a car?<br/><a onclick=\"highlightReply(\'132\', event);\" href=\"/b/res/52.html#132\">&gt;&gt;132</a><br/>Is a better argument but it\'s filled with what being anonymous should and shouldn\'t be','>>133\r\nyeah, I\'m trying to get things set up properly on both ends.\r\n\r\n>>131\r\nIf a town has lots of car thiefs do you stop driving a car?\r\n>>132\r\nIs a better argument but it\'s filled with what being anonymous should and shouldn\'t be\r\n\r\n',1543895943,1543895943,NULL,0,NULL,'4qkYDx3G','24.157.164.104',0,0,0,0,NULL,NULL),(135,52,NULL,NULL,'Anonymous',NULL,NULL,'In other words, it\'s you dictating what other people should do','In other words, it\'s you dictating what other people should do',1543895987,1543895987,NULL,0,NULL,'4qkYDx3G','24.157.164.104',0,0,0,0,NULL,NULL),(136,52,NULL,NULL,'Anonymous',NULL,NULL,'<a onclick=\"highlightReply(\'135\', event);\" href=\"/b/res/52.html#135\">&gt;&gt;135</a><br/>I guess it does have some flaws to it, and could be interpreted as trying to restrict what people do. However, I do think that some restrictions are necessary. And while I did provide many scenarios about how it could be abused and such, I\'d like to know what you think makes it a good addition. People have been fine without it for the most part for years, so I\'m not too sure what the benefit or even reason for its addition would be.','>>135\r\nI guess it does have some flaws to it, and could be interpreted as trying to restrict what people do. However, I do think that some restrictions are necessary. And while I did provide many scenarios about how it could be abused and such, I\'d like to know what you think makes it a good addition. People have been fine without it for the most part for years, so I\'m not too sure what the benefit or even reason for its addition would be.',1543896348,1543896348,NULL,0,NULL,'6T_me10Gd','72.82.233.171',0,0,0,0,NULL,NULL),(137,52,NULL,NULL,'Anonymous',NULL,NULL,'<a onclick=\"highlightReply(\'136\', event);\" href=\"/b/res/52.html#136\">&gt;&gt;136</a><br/>And while this can be viewed as just stubbornness, and unwillingness to change. It\'s not just that, it\'s more of me trying to say that you shouldn\'t fix what isn\'t broken. <br/>I honestly don\'t see how the benefits of such an addition would outweigh the risks it comes with.','>>136\r\nAnd while this can be viewed as just stubbornness, and unwillingness to change. It\'s not just that, it\'s more of me trying to say that you shouldn\'t fix what isn\'t broken. \r\nI honestly don\'t see how the benefits of such an addition would outweigh the risks it comes with.',1543896493,1543896493,NULL,0,NULL,'6T_me10Gd','72.82.233.171',0,0,0,0,NULL,NULL),(138,52,NULL,NULL,'Anonymous',NULL,NULL,'<a onclick=\"highlightReply(\'136\', event);\" href=\"/b/res/52.html#136\">&gt;&gt;136</a><br/><span class=\"quote\">&gt;could be interpreted</span><br/>That was a mistake, it\'s most assuredly me trying to convince you that you need to set restrictions on what people do. It\'s sort of how you wouldn\'t go about allowing people to ban or delete others\' posts.','>>136\r\n>could be interpreted\r\nThat was a mistake, it\'s most assuredly me trying to convince you that you need to set restrictions on what people do. It\'s sort of how you wouldn\'t go about allowing people to ban or delete others\' posts.',1543896710,1543896710,NULL,0,NULL,'6T_me10Gd','72.82.233.171',0,0,0,0,NULL,NULL),(139,52,NULL,NULL,'Anonymous',NULL,NULL,'<a onclick=\"highlightReply(\'136\', event);\" href=\"/b/res/52.html#136\">&gt;&gt;136</a><br/>If posts truly belong to the users and not to me then they deserve the freedom to do whatever they want with them within the bounds of the law(rules).<br/>In essence their posts are property of both the state(website) and able to be acted on by the authorities(moderators) if given the consent to do so.','>>136\r\nIf posts truly belong to the users and not to me then they deserve the freedom to do whatever they want with them within the bounds of the law(rules).\r\nIn essence their posts are property of both the state(website) and able to be acted on by the authorities(moderators) if given the consent to do so.\r\n\r\n',1543897019,1543897019,NULL,0,NULL,'4qkYDx3G','24.157.164.104',0,0,0,0,NULL,NULL),(140,52,NULL,NULL,'Anonymous',NULL,NULL,'<a onclick=\"highlightReply(\'139\', event);\" href=\"/b/res/52.html#139\">&gt;&gt;139</a><br/>I mean to say:<br/>of both the user and able to be acted on by the state(website) through moderators','>>139\r\nI mean to say:\r\nof both the user and able to be acted on by the state(website) through moderators\r\n',1543897097,1543897097,NULL,0,NULL,'4qkYDx3G','24.157.164.104',0,0,0,0,NULL,NULL),(141,52,NULL,NULL,'Anonymous',NULL,NULL,'To continue it is kind of contradictory to talk about how nothing lasts on imageboards while maintaining the idea that you aren\'t allowed to change posts because that isn\'t what imageboards are about','To continue it is kind of contradictory to talk about how nothing lasts on imageboards while maintaining the idea that you aren\'t allowed to change posts because that isn\'t what imageboards are about',1543897186,1543897186,NULL,0,NULL,'4qkYDx3G','24.157.164.104',0,0,0,0,NULL,NULL),(142,52,NULL,NULL,'Anonymous',NULL,NULL,'<a onclick=\"highlightReply(\'139\', event);\" href=\"/b/res/52.html#139\">&gt;&gt;139</a><br/><a onclick=\"highlightReply(\'140\', event);\" href=\"/b/res/52.html#140\">&gt;&gt;140</a><br/>Yes, I agree that posts being for the users is all well and good. But I feel that you\'re looking at it from more a philosophical point of view than a practical one. What would be the benefits of allowing a user to edit their own posts, and what are the risks and possible harm to discussion said freedom can bring about?','>>139\r\n>>140\r\nYes, I agree that posts being for the users is all well and good. But I feel that you\'re looking at it from more a philosophical point of view than a practical one. What would be the benefits of allowing a user to edit their own posts, and what are the risks and possible harm to discussion said freedom can bring about?',1543897347,1543897347,NULL,0,NULL,'6T_me10Gd','72.82.233.171',0,0,0,0,NULL,NULL),(143,52,NULL,NULL,'Anonymous',NULL,NULL,'<a onclick=\"highlightReply(\'141\', event);\" href=\"/b/res/52.html#141\">&gt;&gt;141</a><br/>worst comes to worse, just let people see the revision history like github does&hellip;<br/><br/>But anyhow, I\'m sure this message has been missed because imageboards don\'t lend well to people posting 1000s of messages to make a point&hellip;<br/><br/><br/>It would be great if I could edit my post instead','>>141\r\nworst comes to worse, just let people see the revision history like github does...\r\n\r\nBut anyhow, I\'m sure this message has been missed because imageboards don\'t lend well to people posting 1000s of messages to make a point...\r\n\r\n\r\nIt would be great if I could edit my post instead',1543897382,1543897382,NULL,0,NULL,'4qkYDx3G','24.157.164.104',0,0,0,0,NULL,NULL),(144,52,NULL,NULL,'Anonymous',NULL,NULL,'<a onclick=\"highlightReply(\'141\', event);\" href=\"/b/res/52.html#141\">&gt;&gt;141</a><br/>No, you\'re completely right about my prior arguments being flawed. I was in a rush to finish them and didn\'t really take too much logic into consideration. But I\'m serious about the potential harm allowing such a thing could bring about.','>>141\r\nNo, you\'re completely right about my prior arguments being flawed. I was in a rush to finish them and didn\'t really take too much logic into consideration. But I\'m serious about the potential harm allowing such a thing could bring about.',1543897473,1543897473,NULL,0,NULL,'6T_me10Gd','72.82.233.171',0,0,0,0,NULL,NULL),(145,52,NULL,NULL,'Anonymous',NULL,NULL,'<a onclick=\"highlightReply(\'143\', event);\" href=\"/b/res/52.html#143\">&gt;&gt;143</a><br/>I think that just having an auto-updater so that I can see that post before making mine would be a better solution than allowing editing of posts. Also, if you were to edit your posts, wouldn\'t I still have to refresh to view whatever edit you\'ve made? In that case your best bet would be the liveboard option, but that really doesn\'t seem to be the ideal people want.<br/>Although I guess for S3 you could make having an optional liveboard a feature if you really want to.','>>143\r\nI think that just having an auto-updater so that I can see that post before making mine would be a better solution than allowing editing of posts. Also, if you were to edit your posts, wouldn\'t I still have to refresh to view whatever edit you\'ve made? In that case your best bet would be the liveboard option, but that really doesn\'t seem to be the ideal people want.\r\nAlthough I guess for S3 you could make having an optional liveboard a feature if you really want to.',1543897670,1543897670,NULL,0,NULL,'6T_me10Gd','72.82.233.171',0,0,0,0,NULL,NULL),(146,52,NULL,NULL,'Anonymous',NULL,NULL,'<a onclick=\"highlightReply(\'143\', event);\" href=\"/b/res/52.html#143\">&gt;&gt;143</a><br/>In addition, even if making many posts arguing a point is a bit much. I think it\'s better to have many posts consisting of the evolution of an argument, along with the activity it provides, rather than just having two people editing the same two posts in a thread forever.','>>143\r\nIn addition, even if making many posts arguing a point is a bit much. I think it\'s better to have many posts consisting of the evolution of an argument, along with the activity it provides, rather than just having two people editing the same two posts in a thread forever.',1543897923,1543897923,NULL,0,NULL,'6T_me10Gd','72.82.233.171',0,0,0,0,NULL,NULL),(147,52,NULL,NULL,'Anonymous',NULL,NULL,'Alright, I\'ll take your opinion into account and make the edit thing an S3+ goal(low priority item) that can be cut if it causes hassle to deal with. That way no real time is wasted by the feature or possibly revised to make it work better. <br/>If people use it for good things then it\'s a feature people want, if no one uses it except for bad thing it\'s a feature that shouldn\'t exist.','Alright, I\'ll take your opinion into account and make the edit thing an S3+ goal(low priority item) that can be cut if it causes hassle to deal with. That way no real time is wasted by the feature or possibly revised to make it work better. \r\nIf people use it for good things then it\'s a feature people want, if no one uses it except for bad thing it\'s a feature that shouldn\'t exist. ',1543897935,1543897935,NULL,0,NULL,'4qkYDx3G','24.157.164.104',0,0,0,0,NULL,NULL),(148,52,NULL,NULL,'Anonymous',NULL,NULL,'<a onclick=\"highlightReply(\'146\', event);\" href=\"/b/res/52.html#146\">&gt;&gt;146</a><br/>maybe, but it\'s also really weird to read','>>146\r\nmaybe, but it\'s also really weird to read',1543898049,1543898049,NULL,0,NULL,'4qkYDx3G','24.157.164.104',0,0,0,0,NULL,NULL),(149,52,NULL,NULL,'Anonymous',NULL,NULL,'and you shouldn\'t be knocking down other people\'s threads just because you\'re having an argument and whoring up the top space.','and you shouldn\'t be knocking down other people\'s threads just because you\'re having an argument and whoring up the top space.',1543898079,1543898079,NULL,0,NULL,'4qkYDx3G','24.157.164.104',0,0,0,0,NULL,NULL),(150,52,NULL,NULL,'Anonymous',NULL,NULL,'<a onclick=\"highlightReply(\'149\', event);\" href=\"/b/res/52.html#149\">&gt;&gt;149</a><br/>Well that\'s where the sage feature comes into play.','>>149\r\nWell that\'s where the sage feature comes into play.',1543898264,1543898264,NULL,0,NULL,'6T_me10Gd','72.82.233.171',0,0,0,0,NULL,NULL),(151,52,NULL,NULL,'Anonymous',NULL,NULL,'<a onclick=\"highlightReply(\'148\', event);\" href=\"/b/res/52.html#148\">&gt;&gt;148</a><br/>Also, while I agree it can be a bit difficult to read, that\'s what I\'m pretty sure the main point of quote inlining is. To make those lengthy arguments easier to follow.','>>148\r\nAlso, while I agree it can be a bit difficult to read, that\'s what I\'m pretty sure the main point of quote inlining is. To make those lengthy arguments easier to follow.',1543898618,1543898618,NULL,0,NULL,'6T_me10Gd','72.82.233.171',0,0,0,0,NULL,NULL),(152,52,NULL,NULL,'Anonymous',NULL,NULL,'<a onclick=\"highlightReply(\'150\', event);\" href=\"/b/res/52.html#150\">&gt;&gt;150</a><br/>then I\'d say that sage needs to be easier to use if that\'s the better route','>>150\r\nthen I\'d say that sage needs to be easier to use if that\'s the better route',1543898656,1543898656,NULL,0,NULL,'4qkYDx3G','24.157.164.104',0,0,0,0,NULL,NULL),(153,52,NULL,'sage','Anonymous',NULL,NULL,'<a onclick=\"highlightReply(\'152\', event);\" href=\"/b/res/52.html#152\">&gt;&gt;152</a><br/>You do know that once you put sage into the email field, at least on here, it stays until you decide to remove it right? Although nokosage is broken.','>>152\r\nYou do know that once you put sage into the email field, at least on here, it stays until you decide to remove it right? Although nokosage is broken.',1543898787,1543898787,NULL,0,NULL,'6T_me10Gd','72.82.233.171',0,0,0,0,NULL,NULL),(154,52,NULL,'nokosage','Anonymous',NULL,NULL,'<a onclick=\"highlightReply(\'153\', event);\" href=\"/b/res/52.html#153\">&gt;&gt;153</a><br/>Oh wait, how strange. It persisted in the email field last time i tested it.','>>153\r\nOh wait, how strange. It persisted in the email field last time i tested it.',1543898849,1543898849,NULL,0,NULL,'6T_me10Gd','72.82.233.171',0,0,0,0,NULL,NULL),(155,52,NULL,'nokosage','Anonymous',NULL,NULL,'<a onclick=\"highlightReply(\'154\', event);\" href=\"/b/res/52.html#154\">&gt;&gt;154</a><br/>Oh, it was nokosage that persisted, even though it doesn\'t work&hellip;.','>>154\r\nOh, it was nokosage that persisted, even though it doesn\'t work....',1543898884,1543898884,NULL,0,NULL,'6T_me10Gd','72.82.233.171',0,0,0,0,NULL,NULL),(156,52,NULL,NULL,'Anonymous',NULL,NULL,'<a onclick=\"highlightReply(\'153\', event);\" href=\"/b/res/52.html#153\">&gt;&gt;153</a><br/><a onclick=\"highlightReply(\'154\', event);\" href=\"/b/res/52.html#154\">&gt;&gt;154</a><br/>Yeah, that\'s my point. No one understands how the UI works','>>153\r\n>>154\r\nYeah, that\'s my point. No one understands how the UI works',1543898926,1543898926,NULL,0,NULL,'4qkYDx3G','24.157.164.104',0,0,0,0,NULL,NULL),(157,52,NULL,NULL,'Anonymous',NULL,NULL,'So I guess if you want sage to be easier to use:<br/>1. See if you can fix nokosage<br/>2. Have sage stay in the email field after a post, like nokosage does','So I guess if you want sage to be easier to use:\r\n1. See if you can fix nokosage\r\n2. Have sage stay in the email field after a post, like nokosage does',1543898962,1543898962,NULL,0,NULL,'6T_me10Gd','72.82.233.171',0,0,0,0,NULL,NULL),(158,52,NULL,NULL,'Anonymous',NULL,NULL,'<a onclick=\"highlightReply(\'157\', event);\" href=\"/b/res/52.html#157\">&gt;&gt;157</a><br/>Dunno why the users have to trial and error there way through understanding how to use a website. <br/>Could easily just use checkboxes and tell the users directly what exists and what doesn\'t.','>>157\r\nDunno why the users have to trial and error there way through understanding how to use a website. \r\nCould easily just use checkboxes and tell the users directly what exists and what doesn\'t.',1543899130,1543899130,NULL,0,NULL,'4qkYDx3G','24.157.164.104',0,0,0,0,NULL,NULL),(159,52,NULL,NULL,'Anonymous',NULL,NULL,'<a onclick=\"highlightReply(\'158\', event);\" href=\"/b/res/52.html#158\">&gt;&gt;158</a><br/>Well I guess that\'s just a problem with the software, but also a benefit of testing it before release. Work out the chinks so that it\'s all nice and pretty when you let everyone else in.','>>158\r\nWell I guess that\'s just a problem with the software, but also a benefit of testing it before release. Work out the chinks so that it\'s all nice and pretty when you let everyone else in.',1543899324,1543899324,NULL,0,NULL,'6T_me10Gd','72.82.233.171',0,0,0,0,NULL,NULL),(160,52,NULL,NULL,'Anonymous',NULL,NULL,'<a onclick=\"highlightReply(\'159\', event);\" href=\"/b/res/52.html#159\">&gt;&gt;159</a><br/>If you don\'t make the \"proper\" way of doing things easy for people they\'ll take the shortcuts. <br/><br/>I\'m saying that the email field and relying on people memorizing commands is a quick way to make sure that these commands are never used by anyone except the elitists','>>159\r\nIf you don\'t make the \"proper\" way of doing things easy for people they\'ll take the shortcuts. \r\n\r\nI\'m saying that the email field and relying on people memorizing commands is a quick way to make sure that these commands are never used by anyone except the elitists',1543900103,1543900103,NULL,0,NULL,'4qkYDx3G','24.157.164.104',0,0,0,0,NULL,NULL),(161,52,NULL,'sagenoko','Anonymous',NULL,NULL,'<a onclick=\"highlightReply(\'160\', event);\" href=\"/b/res/52.html#160\">&gt;&gt;160</a><br/>Oh, I thought it was just something that people naturally learn as they go along and lurk/post. Also, I\'m nearly sure everyone coming to this site, at least initially, will know what sage is and how to use it. Pretty sure people will know how to noko as well. I guess we\'ll just need to wait and see how things play out then, or you could always have a FAQ page for this kind of stuff. In which you outline all the little things you can do. Take <a href=\"http://kakashi-nenpo.com/faq.php\" rel=\"nofollow\" target=\"_blank\">http://kakashi-nenpo.com/faq.php</a> for example of what you\'d probably want to stylize a hypothetical FAQ like.','>>160\r\nOh, I thought it was just something that people naturally learn as they go along and lurk/post. Also, I\'m nearly sure everyone coming to this site, at least initially, will know what sage is and how to use it. Pretty sure people will know how to noko as well. I guess we\'ll just need to wait and see how things play out then, or you could always have a FAQ page for this kind of stuff. In which you outline all the little things you can do. Take http://kakashi-nenpo.com/faq.php for example of what you\'d probably want to stylize a hypothetical FAQ like.',1543900633,1543900633,NULL,0,NULL,'6T_me10Gd','72.82.233.171',0,0,0,0,NULL,NULL),(162,1,NULL,'sagenoko','Anonymous',NULL,NULL,'another boson test','another boson test',1543900655,1543900655,NULL,0,NULL,'6T_me10Gd','72.82.233.171',0,0,0,0,NULL,NULL),(163,52,NULL,NULL,'Anonymous',NULL,NULL,'<a onclick=\"highlightReply(\'161\', event);\" href=\"/b/res/52.html#161\">&gt;&gt;161</a><br/>The very fact that 4chanX has perma sage, Meguca has a sage checkbox and that no one uses sage on 4chan anymore is because there is no incentive to use it.<br/><br/>If you want people to sage, then there needs to be an easier way than memorizing your DOS commands','>>161\r\nThe very fact that 4chanX has perma sage, Meguca has a sage checkbox and that no one uses sage on 4chan anymore is because there is no incentive to use it.\r\n\r\nIf you want people to sage, then there needs to be an easier way than memorizing your DOS commands',1543900812,1543900812,NULL,0,NULL,'4qkYDx3G','24.157.164.104',0,0,0,0,NULL,NULL);
/*!40000 ALTER TABLE `posts_b` ENABLE KEYS */;
UNLOCK TABLES;

--
-- Table structure for table `posts_qa`
--

DROP TABLE IF EXISTS `posts_qa`;
/*!40101 SET @saved_cs_client     = @@character_set_client */;
/*!40101 SET character_set_client = utf8 */;
CREATE TABLE `posts_qa` (
  `id` int(11) unsigned NOT NULL AUTO_INCREMENT,
  `thread` int(11) DEFAULT NULL,
  `subject` varchar(100) DEFAULT NULL,
  `email` varchar(30) DEFAULT NULL,
  `name` varchar(35) DEFAULT NULL,
  `trip` varchar(15) DEFAULT NULL,
  `capcode` varchar(50) DEFAULT NULL,
  `body` text NOT NULL,
  `body_nomarkup` text,
  `time` int(11) NOT NULL,
  `bump` int(11) DEFAULT NULL,
  `files` text,
  `num_files` int(11) DEFAULT '0',
  `filehash` text CHARACTER SET ascii,
  `password` varchar(20) DEFAULT NULL,
  `ip` varchar(39) CHARACTER SET ascii NOT NULL,
  `sticky` int(1) NOT NULL,
  `locked` int(1) NOT NULL,
  `cycle` int(1) NOT NULL,
  `sage` int(1) NOT NULL,
  `embed` text,
  `slug` varchar(256) DEFAULT NULL,
  UNIQUE KEY `id` (`id`),
  KEY `thread_id` (`thread`,`id`),
  KEY `filehash` (`filehash`(40)),
  KEY `time` (`time`),
  KEY `ip` (`ip`),
  KEY `list_threads` (`thread`,`sticky`,`bump`)
) ENGINE=MyISAM AUTO_INCREMENT=26 DEFAULT CHARSET=utf8;
/*!40101 SET character_set_client = @saved_cs_client */;

--
-- Dumping data for table `posts_qa`
--

LOCK TABLES `posts_qa` WRITE;
/*!40000 ALTER TABLE `posts_qa` DISABLE KEYS */;
INSERT INTO `posts_qa` VALUES (1,NULL,NULL,NULL,'Anonymous',NULL,NULL,'First!','First!',1543664616,1543664616,'[{\"name\":\"hb3267.png\",\"type\":\"image\\/png\",\"tmp_name\":\"\\/tmp\\/phpfiVOuX\",\"error\":0,\"size\":96498,\"filename\":\"hb3267.png\",\"extension\":\"png\",\"file_id\":\"1543664616098\",\"file\":\"1543664616098.png\",\"thumb\":\"1543664616098.png\",\"is_an_image\":true,\"hash\":\"b04c0a521db581d1c3101acb79522fc0\",\"width\":1538,\"height\":896,\"thumbwidth\":255,\"thumbheight\":149,\"file_path\":\"qa\\/src\\/1543664616098.png\",\"thumb_path\":\"qa\\/thumb\\/1543664616098.png\"}]',1,'b04c0a521db581d1c3101acb79522fc0','vGTCwj^y','79.161.14.132',0,0,0,0,NULL,'first'),(2,NULL,'Hello I have a question?',NULL,'Anonymous',NULL,NULL,'?','?',1543687267,1543706842,'[{\"name\":\"5dd9da995572633ee74cb031beb43a63f954e4bd45c900e1ff770cc873c941ec.png\",\"type\":\"image\\/png\",\"tmp_name\":\"\\/tmp\\/php3Lgibf\",\"error\":0,\"size\":96431,\"filename\":\"5dd9da995572633ee74cb031beb43a63f954e4bd45c900e1ff770cc873c941ec.png\",\"extension\":\"png\",\"file_id\":\"1543687267824\",\"file\":\"1543687267824.png\",\"thumb\":\"1543687267824.png\",\"is_an_image\":true,\"hash\":\"167c05898b6cf5681ad8c5c3cf0de84e\",\"width\":691,\"height\":750,\"thumbwidth\":235,\"thumbheight\":255,\"file_path\":\"qa\\/src\\/1543687267824.png\",\"thumb_path\":\"qa\\/thumb\\/1543687267824.png\"}]',1,'167c05898b6cf5681ad8c5c3cf0de84e','*9Al880H','50.35.91.170',0,0,0,0,NULL,'hello-i-have-a-question'),(3,2,NULL,NULL,'Anonymous',NULL,NULL,'hello','hello',1543706842,1543706842,NULL,0,NULL,'','70.177.108.143',0,0,0,0,NULL,NULL),(6,NULL,NULL,NULL,'Anonymous',NULL,NULL,'How can anyone claim this board to be /qa/ if there is not a single /qa/ girl on it?','How can anyone claim this board to be /qa/ if there is not a single /qa/ girl on it?',1543726376,1543726376,'[{\"name\":\"48983252_p0.png\",\"type\":\"image\\/png\",\"tmp_name\":\"\\/tmp\\/phpeQTbWn\",\"error\":0,\"size\":397710,\"filename\":\"48983252_p0.png\",\"extension\":\"png\",\"file_id\":\"1543726376608\",\"file\":\"1543726376608.png\",\"thumb\":\"1543726376608.png\",\"is_an_image\":true,\"hash\":\"700f4fa8db8dc4f00456cea701777e01\",\"width\":639,\"height\":658,\"thumbwidth\":248,\"thumbheight\":255,\"file_path\":\"qa\\/src\\/1543726376608.png\",\"thumb_path\":\"qa\\/thumb\\/1543726376608.png\"}]',1,'700f4fa8db8dc4f00456cea701777e01','6T_me10G','71.168.137.164',0,0,0,0,NULL,'how-can-anyone-claim-this-board-to-be-qa-if-there-is-not-a-single-qa-girl-on-it'),(7,NULL,NULL,NULL,'Anonymous',NULL,NULL,'thinking about /qa/','thinking about /qa/',1543728014,1543728014,'[{\"name\":\"1540822062336.jpg\",\"type\":\"image\\/jpeg\",\"tmp_name\":\"\\/tmp\\/phpxBSfQO\",\"error\":0,\"size\":206176,\"filename\":\"1540822062336.jpg\",\"extension\":\"jpg\",\"file_id\":\"1543728014553\",\"file\":\"1543728014553.jpg\",\"thumb\":\"1543728014553.png\",\"is_an_image\":true,\"hash\":\"ca163b032a1393d0608239112fa88e17\",\"width\":729,\"height\":634,\"thumbwidth\":255,\"thumbheight\":221,\"file_path\":\"qa\\/src\\/1543728014553.jpg\",\"thumb_path\":\"qa\\/thumb\\/1543728014553.png\"}]',1,'ca163b032a1393d0608239112fa88e17','','70.177.108.143',0,0,0,0,NULL,'thinking-about-qa'),(8,NULL,NULL,NULL,'Anonymous',NULL,NULL,'äºŒå¹¸å­','äºŒå¹¸å­',1543737784,1543745309,'[{\"name\":\"1534502572870.jpg\",\"type\":\"image\\/jpeg\",\"tmp_name\":\"\\/tmp\\/phppFWtAe\",\"error\":0,\"size\":100610,\"filename\":\"1534502572870.jpg\",\"extension\":\"jpg\",\"file_id\":\"1543737784670\",\"file\":\"1543737784670.jpg\",\"thumb\":\"1543737784670.png\",\"is_an_image\":true,\"hash\":\"9ab011e23d50003d8f72c204fcb01f44\",\"width\":472,\"height\":454,\"thumbwidth\":255,\"thumbheight\":245,\"file_path\":\"qa\\/src\\/1543737784670.jpg\",\"thumb_path\":\"qa\\/thumb\\/1543737784670.png\"}]',1,'9ab011e23d50003d8f72c204fcb01f44','4w8z7oYL','64.251.150.126',0,0,0,0,NULL,''),(9,8,NULL,'sage','Anonymous',NULL,NULL,'','',1543742757,1543742757,'[{\"name\":\"1460460841660.png\",\"type\":\"image\\/png\",\"tmp_name\":\"\\/tmp\\/php6TaTER\",\"error\":0,\"size\":2089,\"filename\":\"1460460841660.png\",\"extension\":\"png\",\"file_id\":\"1543742757643\",\"file\":\"1543742757643.png\",\"thumb\":\"1543742757643.png\",\"is_an_image\":true,\"hash\":\"b8d948d7290841e035b6f8d977e8e98e\",\"width\":249,\"height\":186,\"thumbwidth\":249,\"thumbheight\":186,\"file_path\":\"qa\\/src\\/1543742757643.png\",\"thumb_path\":\"qa\\/thumb\\/1543742757643.png\"}]',1,'b8d948d7290841e035b6f8d977e8e98e','vOMJ_Ydw','95.70.20.177',0,0,0,0,NULL,NULL),(10,8,NULL,NULL,'Anonymous',NULL,NULL,'The mighty kong','The mighty kong',1543745309,1543745309,NULL,0,NULL,'4qkYDx3G','24.157.164.104',0,0,0,0,NULL,NULL),(11,NULL,NULL,NULL,'Anonymous',NULL,NULL,'Here come more purp!','Here come more purp!',1543780077,1543814380,'[{\"name\":\"0ac681f752ef5f3bf4f6831f6f832268.png\",\"type\":\"image\\/png\",\"tmp_name\":\"\\/tmp\\/phpytpZr8\",\"error\":0,\"size\":1551073,\"filename\":\"0ac681f752ef5f3bf4f6831f6f832268.png\",\"extension\":\"png\",\"file_id\":\"1543780077327\",\"file\":\"1543780077327.png\",\"thumb\":\"1543780077327.png\",\"is_an_image\":true,\"hash\":\"0ac681f752ef5f3bf4f6831f6f832268\",\"width\":1800,\"height\":2410,\"thumbwidth\":190,\"thumbheight\":255,\"file_path\":\"qa\\/src\\/1543780077327.png\",\"thumb_path\":\"qa\\/thumb\\/1543780077327.png\"}]',1,'0ac681f752ef5f3bf4f6831f6f832268','QvyF3SSE','208.101.171.246',0,0,0,0,NULL,'here-come-more-purp'),(12,11,NULL,NULL,'Anonymous',NULL,NULL,'Now this is purp I can get behind!','Now this is purp I can get behind!',1543785613,1543785613,'[{\"name\":\"__shinjou_akane_ssss_gridman_drawn_by_hinata_sora__2b9c9b198ea31ad40170ef42653a275f.jpg\",\"type\":\"image\\/jpeg\",\"tmp_name\":\"\\/tmp\\/phpCrXPCL\",\"error\":0,\"size\":451642,\"filename\":\"__shinjou_akane_ssss_gridman_drawn_by_hinata_sora__2b9c9b198ea31ad40170ef42653a275f.jpg\",\"extension\":\"jpg\",\"file_id\":\"1543785613688\",\"file\":\"1543785613688.jpg\",\"thumb\":\"1543785613688.png\",\"is_an_image\":true,\"hash\":\"2b9c9b198ea31ad40170ef42653a275f\",\"width\":891,\"height\":1166,\"thumbwidth\":195,\"thumbheight\":255,\"file_path\":\"qa\\/src\\/1543785613688.jpg\",\"thumb_path\":\"qa\\/thumb\\/1543785613688.png\"}]',1,'2b9c9b198ea31ad40170ef42653a275f','6T_me10G','96.235.168.29',0,0,0,0,NULL,NULL),(13,11,NULL,NULL,'Anonymous',NULL,NULL,'die footposter','die footposter',1543793453,1543793453,NULL,0,NULL,'GW%KMb5s','50.35.91.170',0,0,0,0,NULL,NULL),(14,11,NULL,NULL,'Anonymous',NULL,NULL,'<a onclick=\"highlightReply(\'13\', event);\" href=\"/qa/res/11.html#13\">&gt;&gt;13</a><br/>THE footposter? No, I couldn\'t possibly&hellip;','>>13\r\nTHE footposter? No, I couldn\'t possibly...',1543798067,1543798067,'[{\"name\":\"o_o.png\",\"type\":\"image\\/png\",\"tmp_name\":\"\\/tmp\\/phpSc17QG\",\"error\":0,\"size\":862269,\"filename\":\"o_o.png\",\"extension\":\"png\",\"file_id\":\"1543798066894\",\"file\":\"1543798066894.png\",\"thumb\":\"1543798066894.png\",\"is_an_image\":true,\"hash\":\"84bc1538a328861e240d53e674cd4daa\",\"width\":1200,\"height\":1200,\"thumbwidth\":255,\"thumbheight\":255,\"file_path\":\"qa\\/src\\/1543798066894.png\",\"thumb_path\":\"qa\\/thumb\\/1543798066894.png\"}]',1,'84bc1538a328861e240d53e674cd4daa','QvyF3SSE','208.101.171.246',0,0,0,0,NULL,NULL),(15,NULL,NULL,NULL,'Anonymous',NULL,NULL,'<span class=\"quote\">&gt;/qa/</span>','>/qa/',1543808388,1543813491,'[{\"name\":\"bored.jpg\",\"type\":\"image\\/jpeg\",\"tmp_name\":\"\\/tmp\\/phpYf5dzp\",\"error\":0,\"size\":72997,\"filename\":\"bored.jpg\",\"extension\":\"jpg\",\"file_id\":\"1543808388330\",\"file\":\"1543808388330.jpg\",\"thumb\":\"1543808388330.png\",\"is_an_image\":true,\"hash\":\"a46e65240cb7d2ce68a7d5fa13ef6410\",\"width\":640,\"height\":480,\"thumbwidth\":255,\"thumbheight\":191,\"file_path\":\"qa\\/src\\/1543808388330.jpg\",\"thumb_path\":\"qa\\/thumb\\/1543808388330.png\"}]',1,'a46e65240cb7d2ce68a7d5fa13ef6410','6T_me10G','72.82.233.73',0,0,0,0,NULL,'qa'),(16,15,NULL,NULL,'Anonymous',NULL,NULL,'me','me',1543809033,1543809033,'[{\"name\":\"ss+(2018-12-02+at+10.50.17).jpg\",\"type\":\"image\\/jpeg\",\"tmp_name\":\"\\/tmp\\/phpUPtbQo\",\"error\":0,\"size\":14651,\"filename\":\"ss (2018-12-02 at 10.50.17).jpg\",\"extension\":\"jpg\",\"file_id\":\"1543809033240\",\"file\":\"1543809033240.jpg\",\"thumb\":\"1543809033240.png\",\"is_an_image\":true,\"hash\":\"4ad02373647bfda10b4a1d3a27a0b448\",\"width\":127,\"height\":206,\"thumbwidth\":127,\"thumbheight\":206,\"file_path\":\"qa\\/src\\/1543809033240.jpg\",\"thumb_path\":\"qa\\/thumb\\/1543809033240.png\"}]',1,'4ad02373647bfda10b4a1d3a27a0b448','4qkYDx3G','24.157.164.104',0,0,0,0,NULL,NULL),(17,15,NULL,NULL,'Anonymous',NULL,NULL,'<a onclick=\"highlightReply(\'16\', event);\" href=\"/qa/res/15.html#16\">&gt;&gt;16</a><br/>kissu','>>16\r\nkissu',1543813491,1543813491,NULL,0,NULL,'Kw+SK1V(','41.77.131.146',0,0,0,0,NULL,NULL),(18,11,NULL,NULL,'Anonymous',NULL,NULL,'<a onclick=\"highlightReply(\'13\', event);\" href=\"/qa/res/11.html#13\">&gt;&gt;13</a><br/>You may dislike feet now, but surely after taking a glimpse at Sachiko\'s cute feet you\'ll reconsider.','>>13\r\nYou may dislike feet now, but surely after taking a glimpse at Sachiko\'s cute feet you\'ll reconsider.\n<tinyboard proxy>72.82.233.73</tinyboard>',1543814380,1543814380,'[{\"name\":\"9864a8cbbadb7978d8fb1b90955a5206.jpeg\",\"type\":\"image\\/jpeg\",\"tmp_name\":\"\\/tmp\\/phpBmAWBN\",\"error\":0,\"size\":727222,\"filename\":\"9864a8cbbadb7978d8fb1b90955a5206.jpeg\",\"extension\":\"jpeg\",\"file_id\":\"1543814380629\",\"file\":\"1543814380629.jpeg\",\"thumb\":\"1543814380629.png\",\"is_an_image\":true,\"hash\":\"9864a8cbbadb7978d8fb1b90955a5206\",\"width\":1250,\"height\":1500,\"thumbwidth\":213,\"thumbheight\":255,\"file_path\":\"qa\\/src\\/1543814380629.jpeg\",\"thumb_path\":\"qa\\/thumb\\/1543814380629.png\"}]',1,'9864a8cbbadb7978d8fb1b90955a5206','Kw+SK1V(','196.2.11.143',0,0,0,0,NULL,NULL),(19,NULL,NULL,NULL,'Anonymous',NULL,NULL,'Can I post?','Can I post?',1543820101,1543820141,'[{\"name\":\"56726183_p0.jpg\",\"type\":\"image\\/jpeg\",\"tmp_name\":\"\\/tmp\\/php5SDUp7\",\"error\":0,\"size\":332541,\"filename\":\"56726183_p0.jpg\",\"extension\":\"jpg\",\"file_id\":\"1543820101740\",\"file\":\"1543820101740.jpg\",\"thumb\":\"1543820101740.png\",\"is_an_image\":true,\"hash\":\"876a5cee11a9e0a699f5cd8abb323e1f\",\"width\":1000,\"height\":1000,\"thumbwidth\":255,\"thumbheight\":255,\"file_path\":\"qa\\/src\\/1543820101740.jpg\",\"thumb_path\":\"qa\\/thumb\\/1543820101740.png\"}]',1,'876a5cee11a9e0a699f5cd8abb323e1f','6T_me10Gd','72.82.233.171',0,0,0,0,NULL,'can-i-post'),(20,19,NULL,NULL,'Anonymous',NULL,NULL,'hopefully&hellip;..','hopefully.....',1543820141,1543820141,NULL,0,NULL,'4qkYDx3G','24.157.164.104',0,0,0,0,NULL,NULL),(21,NULL,NULL,NULL,'Anonymous',NULL,NULL,'how to become a cute 2d girl','how to become a cute 2d girl',1543852133,1543870007,'[{\"name\":\"d0af4e0385ab35c9a7398406d51f8f8347c9f0839c4d835629b8bf97f224bbd7.jpg\",\"type\":\"image\\/jpeg\",\"tmp_name\":\"\\/tmp\\/phpVUGxXL\",\"error\":0,\"size\":198098,\"filename\":\"d0af4e0385ab35c9a7398406d51f8f8347c9f0839c4d835629b8bf97f224bbd7.jpg\",\"extension\":\"jpg\",\"file_id\":\"1543852133871\",\"file\":\"1543852133871.jpg\",\"thumb\":\"1543852133871.png\",\"is_an_image\":true,\"hash\":\"d219c732c889619a9e302c5ba2cd320e\",\"width\":793,\"height\":794,\"thumbwidth\":255,\"thumbheight\":255,\"file_path\":\"qa\\/src\\/1543852133871.jpg\",\"thumb_path\":\"qa\\/thumb\\/1543852133871.png\"}]',1,'d219c732c889619a9e302c5ba2cd320e','GW%KMb5s','50.35.91.170',0,0,0,0,NULL,'how-to-become-a-cute-2d-girl'),(22,21,NULL,NULL,'Anonymous',NULL,NULL,'You\'d need to become 2D first, after that becoming a girl is a joke. Just take a gender bender and you\'re good to go.','You\'d need to become 2D first, after that becoming a girl is a joke. Just take a gender bender and you\'re good to go.',1543870007,1543870007,NULL,0,NULL,'Cx9!W)*w','174.200.7.3',0,0,0,0,NULL,NULL),(24,NULL,'Fall 2018 Anime',NULL,'Anonymous',NULL,NULL,'Most of the shows I\'ve been watching this season have ranged from average to good, with the only real weak shows being the bunny girl one and Index s3 (could and has been improving slightly from the beginning). Think what I\'m going to look back on as the \'definitive\' anime this season will be Gridman, although that may be subject to change since I have yet to watch Karakuri Circus, Irozuku, and Thunderbolt Fantasy 2. At first I was almost certain that the hit of the season would have been Uzai Maid, but somehow it just sort of fizzled out. It\'s still good and all, but nothing that I\'m going to hail as great. Also for some reason most of the stuff I\'m really enjoying I\'d been holding off on for some reason, like Tonari no Kyuuketsuki and Golden Kamuy 2, which both are about as entertaining as Uzai Maid, if not moreso. If I were to make a list of shows that people should make an effort to watch from this season, it\'d probably include all of the prieviously mentioned good shows, along with Honda-san and Zombie Land Saga, with Yagate Kimi ni Naru if you like yuri.<br/><br/>So with that said, what are all your thoughts on the current season? Also did anyone watch FLCL Alternative, heard it was shit.','Most of the shows I\'ve been watching this season have ranged from average to good, with the only real weak shows being the bunny girl one and Index s3 (could and has been improving slightly from the beginning). Think what I\'m going to look back on as the \'definitive\' anime this season will be Gridman, although that may be subject to change since I have yet to watch Karakuri Circus, Irozuku, and Thunderbolt Fantasy 2. At first I was almost certain that the hit of the season would have been Uzai Maid, but somehow it just sort of fizzled out. It\'s still good and all, but nothing that I\'m going to hail as great. Also for some reason most of the stuff I\'m really enjoying I\'d been holding off on for some reason, like Tonari no Kyuuketsuki and Golden Kamuy 2, which both are about as entertaining as Uzai Maid, if not moreso. If I were to make a list of shows that people should make an effort to watch from this season, it\'d probably include all of the prieviously mentioned good shows, along with Honda-san and Zombie Land Saga, with Yagate Kimi ni Naru if you like yuri.\r\n\r\nSo with that said, what are all your thoughts on the current season? Also did anyone watch FLCL Alternative, heard it was shit.',1543890354,1543899862,'[{\"name\":\"71645639_p1.png\",\"type\":\"image\\/png\",\"tmp_name\":\"\\/tmp\\/phptHYmPc\",\"error\":0,\"size\":1198792,\"filename\":\"71645639_p1.png\",\"extension\":\"png\",\"file_id\":\"1543890354458\",\"file\":\"1543890354458.png\",\"thumb\":\"1543890354458.png\",\"is_an_image\":true,\"hash\":\"f7ebeb388e4341e14f051b5129750a5f\",\"width\":1000,\"height\":1333,\"thumbwidth\":191,\"thumbheight\":255,\"file_path\":\"qa\\/src\\/1543890354458.png\",\"thumb_path\":\"qa\\/thumb\\/1543890354458.png\"}]',1,'f7ebeb388e4341e14f051b5129750a5f','6T_me10Gd','72.82.233.171',0,0,0,0,NULL,'fall-2018-anime'),(25,24,NULL,NULL,'Anonymous',NULL,NULL,'Season is another good enough season<br/>I\'ve been trying to keep up with Slime isekai, Black Clover, Tokyo Ghoul, Imouto LN, Zombieland, Index, Kyuuketsuki-san, Uchi no Maid, SAO, Goblin Slayer, and Ulysses. I might catch up on Spyce or Akanesasu but don\'t know. <br/>Mostly my preference for action is kicking in and the only shows I haven\'t missed episodes on are SAO and Goblin Slayer and Black Clover. I thought index would would maybe be with those too but the story doesn\'t feel engaging enough after so long and watching it makes me want to see more railgun. Overall though I\'d say that Uchi no Maid or Goblin Slayer is my favorite show. I find the parts with character development in Uchi no Maid are the weakest, specifically when the masochist maid is introduced; there is just too much backstory that has to be explained and the funny gags don\'t really make up for all the exposition. I also don\'t find this new love triangle that entertaining, it\'s gotten better the last few episodes though. Goblin Slayer has been pretty solid overall, but the episodes always leave me wanting more. Many of the episodes feel like not enough has happened but only just barely. Like when shounen stretch one fight into 10 episodes but it\'s only just barely like that.<br/>There\'s been a lot that has caught my attention but it\'ll have to have an enthralling first few episodes fro me to binge it. And honestly I completely forgot about FLCL and since they guy I know IRL that likes hasn\'t mentioned it I going to assume it\'s not really worth it like you said.','Season is another good enough season\r\nI\'ve been trying to keep up with Slime isekai, Black Clover, Tokyo Ghoul, Imouto LN, Zombieland, Index, Kyuuketsuki-san, Uchi no Maid, SAO, Goblin Slayer, and Ulysses. I might catch up on Spyce or Akanesasu but don\'t know. \r\nMostly my preference for action is kicking in and the only shows I haven\'t missed episodes on are SAO and Goblin Slayer and Black Clover. I thought index would would maybe be with those too but the story doesn\'t feel engaging enough after so long and watching it makes me want to see more railgun. Overall though I\'d say that Uchi no Maid or Goblin Slayer is my favorite show. I find the parts with character development in Uchi no Maid are the weakest, specifically when the masochist maid is introduced; there is just too much backstory that has to be explained and the funny gags don\'t really make up for all the exposition. I also don\'t find this new love triangle that entertaining, it\'s gotten better the last few episodes though. Goblin Slayer has been pretty solid overall, but the episodes always leave me wanting more. Many of the episodes feel like not enough has happened but only just barely. Like when shounen stretch one fight into 10 episodes but it\'s only just barely like that.\r\nThere\'s been a lot that has caught my attention but it\'ll have to have an enthralling first few episodes fro me to binge it. And honestly I completely forgot about FLCL and since they guy I know IRL that likes hasn\'t mentioned it I going to assume it\'s not really worth it like you said. ',1543899862,1543899862,'[{\"name\":\"\\u30c7\\u30a3\\u30b9\\u30b3\\u30df\\u30e5\\u661f\\u4eba(Discommunication alien)   \\u30ca\\u30ca\\u30f2\\u30a2\\u30ab\\u30ea.mp4\",\"type\":\"video\\/mp4\",\"tmp_name\":\"\\/tmp\\/php6NJcAW\",\"error\":0,\"size\":20964818,\"filename\":\"\\u30c7\\u30a3\\u30b9\\u30b3\\u30df\\u30e5\\u661f\\u4eba(Discommunication alien)   \\u30ca\\u30ca\\u30f2\\u30a2\\u30ab\\u30ea.mp4\",\"extension\":\"mp4\",\"file_id\":\"1543899861643\",\"file\":\"1543899861643.mp4\",\"thumb\":\"1543899861643.jpg\",\"is_an_image\":false,\"hash\":\"66c0cd2e68aa50b4704fef194fb78ee9\",\"thumbwidth\":255,\"thumbheight\":143,\"file_path\":\"qa\\/src\\/1543899861643.mp4\",\"thumb_path\":\"file\",\"width\":1280,\"height\":720}]',1,'66c0cd2e68aa50b4704fef194fb78ee9','xcO%PMVl','64.251.150.126',0,0,0,0,NULL,NULL);
/*!40000 ALTER TABLE `posts_qa` ENABLE KEYS */;
UNLOCK TABLES;

--
-- Table structure for table `reports`
--

DROP TABLE IF EXISTS `reports`;
/*!40101 SET @saved_cs_client     = @@character_set_client */;
/*!40101 SET character_set_client = utf8 */;
CREATE TABLE `reports` (
  `id` int(11) unsigned NOT NULL AUTO_INCREMENT,
  `time` int(11) NOT NULL,
  `ip` varchar(39) CHARACTER SET ascii NOT NULL,
  `board` varchar(58) DEFAULT NULL,
  `post` int(11) NOT NULL,
  `reason` text NOT NULL,
  PRIMARY KEY (`id`)
) ENGINE=MyISAM DEFAULT CHARSET=utf8;
/*!40101 SET character_set_client = @saved_cs_client */;

--
-- Dumping data for table `reports`
--

LOCK TABLES `reports` WRITE;
/*!40000 ALTER TABLE `reports` DISABLE KEYS */;
/*!40000 ALTER TABLE `reports` ENABLE KEYS */;
UNLOCK TABLES;

--
-- Table structure for table `robot`
--

DROP TABLE IF EXISTS `robot`;
/*!40101 SET @saved_cs_client     = @@character_set_client */;
/*!40101 SET character_set_client = utf8 */;
CREATE TABLE `robot` (
  `hash` varchar(40) COLLATE ascii_bin NOT NULL COMMENT 'SHA1',
  PRIMARY KEY (`hash`)
) ENGINE=MyISAM DEFAULT CHARSET=ascii COLLATE=ascii_bin;
/*!40101 SET character_set_client = @saved_cs_client */;

--
-- Dumping data for table `robot`
--

LOCK TABLES `robot` WRITE;
/*!40000 ALTER TABLE `robot` DISABLE KEYS */;
/*!40000 ALTER TABLE `robot` ENABLE KEYS */;
UNLOCK TABLES;

--
-- Table structure for table `search_queries`
--

DROP TABLE IF EXISTS `search_queries`;
/*!40101 SET @saved_cs_client     = @@character_set_client */;
/*!40101 SET character_set_client = utf8 */;
CREATE TABLE `search_queries` (
  `ip` varchar(39) NOT NULL,
  `time` int(11) NOT NULL,
  `query` text NOT NULL
) ENGINE=MyISAM DEFAULT CHARSET=utf8;
/*!40101 SET character_set_client = @saved_cs_client */;

--
-- Dumping data for table `search_queries`
--

LOCK TABLES `search_queries` WRITE;
/*!40000 ALTER TABLE `search_queries` DISABLE KEYS */;
/*!40000 ALTER TABLE `search_queries` ENABLE KEYS */;
UNLOCK TABLES;

--
-- Table structure for table `theme_settings`
--

DROP TABLE IF EXISTS `theme_settings`;
/*!40101 SET @saved_cs_client     = @@character_set_client */;
/*!40101 SET character_set_client = utf8 */;
CREATE TABLE `theme_settings` (
  `theme` varchar(40) NOT NULL,
  `name` varchar(40) DEFAULT NULL,
  `value` text,
  KEY `theme` (`theme`)
) ENGINE=MyISAM DEFAULT CHARSET=utf8;
/*!40101 SET character_set_client = @saved_cs_client */;

--
-- Dumping data for table `theme_settings`
--

LOCK TABLES `theme_settings` WRITE;
/*!40000 ALTER TABLE `theme_settings` DISABLE KEYS */;
INSERT INTO `theme_settings` VALUES ('index','basecss','index.css'),('index','css','index.css'),('index','html','index.html'),('index','limit_posts','30'),('index','limit_images','15'),('index','exclude',''),('index','no_recent','5'),('index','videoofnow','https://www.youtube.com/embed/s37On15RkAI'),('index','description',''),('index','imageofnow',''),('index','quoteofnow',''),('index','subtitle',''),('index','title','Kissu.moe'),('index','icon','../templates/themes/index/hikichanIcon.png'),('index',NULL,NULL),('catalog','use_tooltipster','1'),('catalog','update_on_posts','1'),('catalog','boards','b qa'),('sitemap','path','sitemap.xml'),('sitemap','url','http://kissu.moe/'),('sitemap','changefreq','hourly'),('sitemap','regen_time',''),('sitemap','boards','b qa'),('sitemap',NULL,NULL),('catalog','title','Catalog'),('catalog',NULL,NULL);
/*!40000 ALTER TABLE `theme_settings` ENABLE KEYS */;
UNLOCK TABLES;
/*!40103 SET TIME_ZONE=@OLD_TIME_ZONE */;

/*!40101 SET SQL_MODE=@OLD_SQL_MODE */;
/*!40014 SET FOREIGN_KEY_CHECKS=@OLD_FOREIGN_KEY_CHECKS */;
/*!40014 SET UNIQUE_CHECKS=@OLD_UNIQUE_CHECKS */;
/*!40101 SET CHARACTER_SET_CLIENT=@OLD_CHARACTER_SET_CLIENT */;
/*!40101 SET CHARACTER_SET_RESULTS=@OLD_CHARACTER_SET_RESULTS */;
/*!40101 SET COLLATION_CONNECTION=@OLD_COLLATION_CONNECTION */;
/*!40111 SET SQL_NOTES=@OLD_SQL_NOTES */;

-- Dump completed on 2018-12-04  1:27:22
